,,EightCig,,,,Purchase Order Summary,,,,,,,,,
,,"3010 E Alexander Rd
Ste #1002
North Las Vegas, NV 89030
(702) 415-5263  
info@eightcig.com",,,,,,,,,,,,,
,,,,,,Date Range: 01/01/1970 - 12/31/2050,,,,,,,,,
  ,,,,,,,,,,,,,,,
Purchase Order #,,,Vendor Name,,Status,,,Issue Date,,Date Completed,,,Payment Terms,,Total Cost
#,Part Number,,,Part Name,,,Ordered,,Received,,UOM,Unit Cost,,Total Cost,Date Scheduled
001,,,Fixboxgo Inc,,Unissued,,,,,,,,,,"$13,872.00"
1,H01118,,,JUUL Pods Mango 5% Nicotine (Pack of 4),,,816,,0,,ea,$17.00,,"$13,872.00",10/23/2019
001299,,,OG Eliquids,,Unissued,,,,,,,,Credit Card,,"$7,915.00"
1,J02607,,,CLOUD NURDZ GRAPE APPLE 100ML 3MG,,,50,,0,,ea,$5.50,,$275.00,10/15/2019
2,J02608,,,CLOUD NURDZ GRAPE APPLE100ML 6MG,,,50,,0,,ea,$5.50,,$275.00,10/15/2019
3,J02609,,,CLOUD NURDZ STRAWBERRY GRAPE100ML 0MG,,,10,,0,,ea,$5.50,,$55.00,10/15/2019
4,J02611,,,CLOUD NURDZ STRAWBERRY GRAPE 100ML 6MG,,,25,,0,,ea,$5.50,,$137.50,10/15/2019
5,J02612,,,CLOUD NURDZ STRAWBERRY LEMON 100ML  0MG,,,10,,0,,ea,$5.50,,$55.00,10/15/2019
6,J02613,,,CLOUD NURDZ STRAWBERRY LEMON 100ML 3MG,,,250,,0,,ea,$5.50,,"$1,375.00",10/15/2019
7,J02615,,,CLOUD NURDZ WATERMELON APPLE 100ML 0MG,,,10,,0,,ea,$5.50,,$55.00,10/15/2019
8,J02616,,,CLOUD NURDZ WATERMELON APPLE 100ML 3MG,,,350,,0,,ea,$5.50,,"$1,925.00",10/15/2019
9,J03794,,,Cloud Nurdz Peach Blue Razz 100ml 0MG,,,25,,0,,ea,$5.50,,$137.50,10/15/2019
10,J03795,,,Cloud Nurdz Peach Blue Razz 100ml 3MG,,,200,,0,,ea,$5.50,,"$1,100.00",10/15/2019
11,J03797,,,Cloud Nurdz Peach Blue Razz ICED 100ml 0MG,,,10,,0,,ea,$5.50,,$55.00,10/15/2019
12,J03798,,,Cloud Nurdz Peach Blue Razz ICED 100ml 3MG,,,50,,0,,ea,$5.50,,$275.00,10/15/2019
13,J03799,,,Cloud Nurdz Peach Blue Razz ICED 100ml 6MG,,,50,,0,,ea,$5.50,,$275.00,10/15/2019
14,J03264,,,Cloud Nurdz Grape Apple Iced 100ml 3MG,,,50,,0,,ea,$5.50,,$275.00,10/15/2019
15,J03265,,,Cloud Nurdz Grape Apple Iced 100ml 6MG,,,10,,0,,ea,$5.50,,$55.00,10/15/2019
16,J03267,,,Cloud Nurdz Strawberry Grape Iced 100ml 3MG,,,25,,0,,ea,$5.50,,$137.50,10/15/2019
17,J03271,,,Cloud Nurdz Strawberry Lemon Iced 100ml 6MG,,,50,,0,,ea,$5.50,,$275.00,10/15/2019
18,J03272,,,Cloud Nurdz Watermelon Apple Iced 100ml 0MG,,,10,,0,,ea,$5.50,,$55.00,10/15/2019
19,J03274,,,Cloud Nurdz Watermelon Apple Iced 100ml 6MG,,,50,,0,,ea,$5.50,,$275.00,10/15/2019
20,J04825,,,Cloud Nurdz Kiwi Melon 100ml 3MG,,,25,,0,,ea,$5.50,,$137.50,10/15/2019
21,J04826,,,Cloud Nurdz Kiwi Melon 100ml 6MG,,,10,,0,,ea,$5.50,,$55.00,10/15/2019
22,J04829,,,Cloud Nurdz Kiwi Melon Iced 100ml 6MG,,,10,,0,,ea,$5.50,,$55.00,10/15/2019
23,J04141,,,Cloud Nurdz Salts Peach Blue Razz 30ml 25MG,,,25,,0,,ea,$5.00,,$125.00,10/15/2019
Purchase Order #,,Vendor Name,,Status,,Issue Date,,Date Completed,,,Payment Terms,,Total Cost
#,Part Number,,Part Name,,Ordered,,Received,,UOM,Unit Cost,,Total Cost,Date Scheduled
24,J04143,,Cloud Nurdz Salts Strawberry Lemon 30ml 25MG,,25,,0,,ea,$5.00,,$125.00,10/15/2019
25,J04144,,Cloud Nurdz Salts Strawberry Lemon 30ml 50MG,,25,,0,,ea,$5.00,,$125.00,10/15/2019
26,J04145,,Cloud Nurdz Salts Watermelon Apple 30ml 25MG,,25,,0,,ea,$5.00,,$125.00,10/15/2019
27,J04830,,Cloud Nurdz Salts Kiwi Melon 30ml 25MG,,10,,0,,ea,$5.00,,$50.00,10/15/2019
28,J04831,,Cloud Nurdz Salts Kiwi Melon 30ml 50MG,,10,,0,,ea,$5.00,,$50.00,10/15/2019
002754,,Feellife Health Inc,,Unissued,,,,,,,,,"$1,125.00"
1,J03296,,Junky's Stash Salts A Chill Day 30ml 35MG,,100,,0,,ea,$2.25,,$225.00,08/30/2019
2,J03292,,Junky's Stash Salts Buried Yesterday 30ml 35MG,,100,,0,,ea,$2.25,,$225.00,08/30/2019
3,J03293,,Junky's Stash Salts Buried Yesterday 30ml 50MG,,100,,0,,ea,$2.25,,$225.00,08/30/2019
4,J03294,,Junky's Stash Salts The Old Stuff 30ml 35MG,,50,,0,,ea,$2.25,,$112.50,08/30/2019
5,J03298,,Junky's Stash Salts Buried Yesterday ICED 30ml 35MG,,50,,0,,ea,$2.25,,$112.50,08/30/2019
6,J03302,,Junky's Stash Salts A Chill Day ICED 30ml 35MG,,50,,0,,ea,$2.25,,$112.50,08/30/2019
7,J03301,,Junky's Stash Salts The Old Stuff ICED 30ml 50MG,,50,,0,,ea,$2.25,,$112.50,08/30/2019
002824,,Aspire Vape Co.,,Unissued,,,,,,,,,"$9,132.50"
1,H07695,,Aspire Breeze NXT Pod Device Kit Black,,100,,0,,ea,$16.00,,"$1,600.00",09/18/2019
2,H07696,,Aspire Breeze NXT Pod Device Kit White,,50,,0,,ea,$16.00,,$800.00,09/18/2019
3,H07697,,Aspire Breeze NXT Pod Device Kit Red,,50,,0,,ea,$16.00,,$800.00,09/18/2019
4,H07698,,Aspire Breeze NXT Mesh Coil 0.8ohm (Pack of 3),,200,,0,,ea,$4.00,,$800.00,09/18/2019
5,H04577,,Aspire Radial Coil for Boost (ARC Technology 0.10/0.14ohm) (Pack of 3),,100,,0,,ea,$3.45,,$345.00,09/18/2019
6,H06517,,Aspire AVP Replacement Pod (Pack of 2),,"1,000",,0,,ea,$3.60,,"$3,600.00",09/18/2019
7,H01821,,Aspire Breeze Kit - Red,,50,,0,,ea,$12.25,,$612.50,09/18/2019
8,H05467,,Aspire Nepho Coil Mesh (Pack of 3),,100,,0,,ea,$5.75,,$575.00,09/18/2019
002886,,LA Vapor_v,,Unissued,,,,,,,,,"$2,808.00"
1,H04804,,SMOK Species Mod Red Black,,5,,0,,ea,$15.00,,$75.00,10/02/2019
2,H04805,,SMOK Species Mod 7-Color and Black,,5,,0,,ea,$15.00,,$75.00,10/02/2019
3,H05302,,SMOK Species Mod Gold Black,,15,,0,,ea,$17.50,,$262.50,10/02/2019
4,H05303,,SMOK Species Mod White Red,,5,,0,,ea,$17.50,,$87.50,10/02/2019
5,H05304,,SMOK Species Mod Green Black,,10,,0,,ea,$17.50,,$175.00,10/02/2019
6,H05305,,SMOK Species Mod Prism Chrome and Black,,10,,0,,ea,$17.50,,$175.00,10/02/2019
7,H05306,,SMOK Species Mod Prism Blue and Black,,5,,0,,ea,$17.50,,$87.50,10/02/2019
8,H00490,,Efest K2 Slim Charger,,180,,0,,ea,$4.15,,$747.00,10/02/2019
Purchase Order #,,Vendor Name,,Status,,Issue Date,,Date Completed,,,Payment Terms,,Total Cost
#,Part Number,,Part Name,,Ordered,,Received,,UOM,Unit Cost,,Total Cost,Date Scheduled
9,H02022,,Efest Lush Q2 Charger,,86,,0,,ea,$7.25,,$623.50,10/02/2019
10,H02482,,Efest LUC V2 Charger,,40,,0,,ea,$12.50,,$500.00,10/02/2019
002920,,Flamingo Technology Limited,,Unissued,,,,,,,,,"$47,565.00"
1,H00373,,Vaporesso GT4 Coil - .15ohm (Pack of 3),,500,,0,,ea,$3.60,,"$1,800.00",10/07/2019
2,H04546,,Vaporesso Zero Ultra-Portable System Kit Arctic Blue,,100,,0,,ea,$9.00,,$900.00,10/07/2019
3,H01657,,Vaporesso Revenger X 220W Mod with NRG Tank - Full Kit - Green,,30,,0,,ea,$17.50,,$525.00,10/07/2019
4,H04822,,Vaporesso Swag Kit EMC,,50,,0,,ea,$23.00,,"$1,150.00",10/07/2019
5,H01682,,Vaporesso GT2 Coil - .4ohm (Pack of 3),,500,,0,,ea,$3.00,,"$1,500.00",10/07/2019
6,H00869,,Vaporesso GT8 Coil 0.15Ohm (Pack of 3),,"1,000",,0,,ea,$5.10,,"$5,100.00",10/07/2019
7,H01684,,Vaporesso GT CCELL Core Coil 0.5 (Pack of 3),,500,,0,,ea,$3.60,,"$1,800.00",10/07/2019
8,H03092,,Vaporesso Cascade One GT CCELL2 Coil 0.3ohm (Pack of 3),,500,,0,,ea,$3.60,,"$1,800.00",10/07/2019
9,H03091,,Vaporesso Cascade One GT Mesh Coil 0.18ohm (Pack of 3),,"3,000",,0,,ea,$3.30,,"$9,900.00",10/07/2019
10,H05903,,Vaporesso LUXE Nano Kit Blue,,30,,0,,ea,$33.00,,$990.00,10/07/2019
11,H05272,,Vaporesso QF Strip 0.15ohm Pack of 3,,500,,0,,ea,$4.50,,"$2,250.00",10/07/2019
12,H05273,,Vaporesso QF Meshed 0.2ohm Pack of 3,,500,,0,,ea,$4.50,,"$2,250.00",10/07/2019
13,H04550,,Vaporesso Zero Pod (Pack of 2),,"8,000",,0,,ea,$2.20,,"$17,600.00",10/07/2019
002963,,Flamingo Technology Limited,,Unissued,,,,,,,,,"$8,350.00"
1,H03800,,FreeMax Mesh Pro Kanthal Single Mesh Coil 3 Pack 0.15ohm,,"1,000",,0,,ea,$4.10,,"$4,100.00",10/10/2019
2,H06781,,Freemax TX1 Mesh Coil 0.15ohm (Pack of 5),,400,,0,,ea,$7.00,,"$2,800.00",10/10/2019
3,J04553,,Freemax Fireluke 2 Replacement Bubble Glass 5mL,,200,,0,,ea,$1.00,,$200.00,10/10/2019
4,H04252,,Freemax Mesh Pro Tank Metal Rainbow,,50,,0,,ea,$12.50,,$625.00,10/10/2019
5,H04254,,Freemax Mesh Pro Tank Metal Stainless Steel,,50,,0,,ea,$12.50,,$625.00,10/10/2019
003005,,Empire Imports,,Unissued,,,,,,,,,"$32,854.50"
1,H02440,,Naked 100 Lava Flow - 0mg,,24,,0,,ea,$6.75,,$162.00,10/15/2019
2,H02577,,Naked 100 Lava Flow - 3mg,,196,,0,,ea,$6.75,,"$1,323.00",10/15/2019
3,H02490,,Naked 100 Lava Flow - 6mg,,245,,0,,ea,$6.75,,"$1,653.75",10/15/2019
4,H00498,,Naked 100 Lava Flow - 12mg,,49,,0,,ea,$6.75,,$330.75,10/15/2019
5,J01294,,Naked 100 Hawaiian Pog 60ML 0Mg,,24,,0,,ea,$6.75,,$162.00,10/15/2019
6,J01282,,Naked 100 Hawaiian Pog 60ML 3Mg,,490,,0,,ea,$6.75,,"$3,307.50",10/15/2019
Purchase Order #,,Vendor Name,,Status,,Issue Date,,Date Completed,,,Payment Terms,,Total Cost
#,Part Number,,Part Name,,Ordered,,Received,,UOM,Unit Cost,,Total Cost,Date Scheduled
7,J01221,,Naked 100 Hawaiian Pog 60ML 6Mg,,98,,0,,ea,$6.75,,$661.50,10/15/2019
8,H02620,,Naked 100 Green Blast - 6mg,,49,,0,,ea,$6.75,,$330.75,10/15/2019
9,H02373,,Naked 100 Amazing Mango 6Mg,,49,,0,,ea,$6.75,,$330.75,10/15/2019
10,H02350,,Naked 100 All Melon 6Mg,,98,,0,,ea,$6.75,,$661.50,10/15/2019
11,H01793,,Naked 100 All Melon - 12mg,,24,,0,,ea,$6.75,,$162.00,10/15/2019
12,J01339,,Naked 100 Very Berry (Really Berry) 60ml 3MG,,49,,0,,ea,$6.75,,$330.75,10/15/2019
13,J01244,,Naked 100 Very Berry (Really Berry) 60ml 6MG,,49,,0,,ea,$6.75,,$330.75,10/15/2019
14,J00078,,Naked 100 Very Berry (Really Berry) 60ml 12MG,,49,,0,,ea,$6.75,,$330.75,10/15/2019
15,J00454,,Naked - Naked Unicorn 60ml - 3mg,,49,,0,,ea,$6.75,,$330.75,10/15/2019
16,J00455,,Naked - Naked Unicorn 60ml - 6mg,,49,,0,,ea,$6.75,,$330.75,10/15/2019
17,J00887,,Naked - Naked Unicorn 60ml - 12mg,,49,,0,,ea,$6.75,,$330.75,10/15/2019
18,J00449,,Naked - Azul Berries 60ml - 6mg,,49,,0,,ea,$6.75,,$330.75,10/15/2019
19,J00451,,Naked - Go Nanas 60ml - 3mg,,49,,0,,ea,$6.75,,$330.75,10/15/2019
20,H02642,,Naked 100 Brain Freeze 0Mg,,49,,0,,ea,$6.75,,$330.75,10/15/2019
21,H02512,,Naked 100 Brain Freeze 3Mg,,343,,0,,ea,$6.75,,"$2,315.25",10/15/2019
22,J01241,,Naked 100 Frost Bite (Polar Breeze) 60ml 3MG,,245,,0,,ea,$6.75,,"$1,653.75",10/15/2019
23,J01285,,Naked 100 Frost Bite (Polar Breeze) 60ml 6MG,,49,,0,,ea,$6.75,,$330.75,10/15/2019
24,J00970,,Naked 100 Frost Bite (Polar Breeze) 60ml 12MG,,49,,0,,ea,$6.75,,$330.75,10/15/2019
25,H02152,,Naked 100 Very Cool 3Mg,,392,,0,,ea,$6.75,,"$2,646.00",10/15/2019
26,H02538,,Naked 100 Very Cool 6Mg,,98,,0,,ea,$6.75,,$661.50,10/15/2019
27,J03418,,Naked 100 Amazing Mango ICE 60ml 6MG,,49,,0,,ea,$6.75,,$330.75,10/15/2019
28,J03420,,Naked 100 Lava Flow ICE 60ml 3MG,,49,,0,,ea,$6.75,,$330.75,10/15/2019
29,J01331,,Naked 100 American Cowboy (American Patriots) 60ml 3MG,,49,,0,,ea,$6.75,,$330.75,10/15/2019
30,J01371,,Naked 100 American Cowboy (American Patriots) 60ml 6MG,,98,,0,,ea,$6.75,,$661.50,10/15/2019
31,J00969,,Naked 100 American Cowboy (American Patriots) 60ml 12MG,,49,,0,,ea,$6.75,,$330.75,10/15/2019
32,H02518,,Naked 100 Cuban Blend 3Mg,,49,,0,,ea,$6.75,,$330.75,10/15/2019
33,H02449,,Naked 100 Cuban Blend 6Mg,,49,,0,,ea,$6.75,,$330.75,10/15/2019
34,H01790,,Naked 100 Cuban Blend - 12mg,,49,,0,,ea,$6.75,,$330.75,10/15/2019
35,H02408,,Naked 100 Euro Gold 6Mg,,49,,0,,ea,$6.75,,$330.75,10/15/2019
36,H01791,,Naked 100 Euro Gold - 12mg,,49,,0,,ea,$6.75,,$330.75,10/15/2019
37,J00891,,Naked Salt 30mL - Lava Flow -35mg,,128,,0,,ea,$6.25,,$800.00,10/15/2019
Purchase Order #,,Vendor Name,,Status,,Issue Date,,Date Completed,,,Payment Terms,,Total Cost
#,Part Number,,Part Name,,Ordered,,Received,,UOM,Unit Cost,,Total Cost,Date Scheduled
38,J00892,,Naked Salt 30mL - Lava Flow -50mg,,128,,0,,ea,$6.25,,$800.00,10/15/2019
39,J00893,,Naked Salt Very Berry (Really Berry) 30ml 35mg,,64,,0,,ea,$6.25,,$400.00,10/15/2019
40,J00895,,Naked Salt American Cowboy (American Patriots) 30ml 35mg,,64,,0,,ea,$6.25,,$400.00,10/15/2019
41,J00896,,Naked Salt  American Cowboy (American Patriots) 30ml 50mg,,64,,0,,ea,$6.25,,$400.00,10/15/2019
42,J00897,,Naked Salt 30mL - Brain Freeze - 35mg,,256,,0,,ea,$6.25,,"$1,600.00",10/15/2019
43,J00898,,Naked Salt 30mL - Brain Freeze - 50mg,,64,,0,,ea,$6.25,,$400.00,10/15/2019
44,J00899,,Naked Salt Frost Bite (Polar Breeze) 30ml 35mg,,64,,0,,ea,$6.25,,$400.00,10/15/2019
45,J02418,,Naked 100 Salt Hawaiian POG 30ml Eliquid 35MG,,64,,0,,ea,$6.25,,$400.00,10/15/2019
46,J02419,,Naked 100 Salt Hawaiian POG 30ml Eliquid 50MG,,64,,0,,ea,$6.25,,$400.00,10/15/2019
47,J02420,,Naked 100 Salt Very Cool 30ml Eliquid 35MG,,64,,0,,ea,$6.25,,$400.00,10/15/2019
48,J02421,,Naked 100 Salt Very Cool 30ml Eliquid 50MG,,64,,0,,ea,$6.25,,$400.00,10/15/2019
49,J02422,,Naked 100 Salt Amazing Mango 30ml Eliquid 35MG,,64,,0,,ea,$6.25,,$400.00,10/15/2019
50,J02423,,Naked 100 Salt Amazing Mango 30ml Eliquid 50MG,,64,,0,,ea,$6.25,,$400.00,10/15/2019
51,J04133,,Naked 100 Salt Arctic Air 30ml 35MG,,128,,0,,ea,$6.25,,$800.00,10/15/2019
52,J04136,,Naked 100 Salt Maui Sun 30ml 50MG,,64,,0,,ea,$6.25,,$400.00,10/15/2019
53,J04915,,Naked Salt Euro Gold 30ml 35MG,,64,,0,,ea,$6.50,,$416.00,10/15/2019
003018,,Black MVRKET,,Unissued,,,,,,,,,$350.00
1,J03337,,Milkshake Liquids Breezy Shake 100ml 0MG,,10,,0,,ea,$5.00,,$50.00,10/16/2019
2,J03341,,Milkshake Liquids Shammy Shake 100ml 3MG,,25,,0,,ea,$5.00,,$125.00,10/16/2019
3,J03342,,Milkshake Liquids Shammy Shake 100ml 6MG,,10,,0,,ea,$5.00,,$50.00,10/16/2019
4,J03344,,Milkshake Liquids Bomberry Shake 100ml 3MG,,25,,0,,ea,$5.00,,$125.00,10/16/2019
003021,,Flamingo Technology Limited,,Unissued,,,,,,,,,"$332,123.00"
1,H05926,,Orion Q Replacement Pod 1.0Ohm (Pack of 2),,"10,000",,0,,ea,$3.80,,"$38,000.00",10/16/2019
2,H04764,,SMOK TFV8 Baby V2 A1 SS 0.17ohm (Pack of 3),,700,,0,,ea,$4.53,,"$3,171.00",10/16/2019
3,H04773,,SMOK TFV8 Baby V2 A2 SS 0.2ohm (Pack of 3),,500,,0,,ea,$5.43,,"$2,715.00",10/16/2019
4,H04559,,Orion Replacement Pod 0.5Ohm (Pack of 2),,"5,000",,0,,ea,$4.07,,"$20,350.00",10/16/2019
5,H07707,,Wismec WT01 Single Coil 0.35ohm (Pack of 5),,200,,0,,ea,$6.75,,"$1,350.00",10/16/2019
6,H07708,,Wismec WT02 Dual Coil 0.2ohm (Pack of 5),,400,,0,,ea,$8.25,,"$3,300.00",10/16/2019
7,H07709,,Wismec WT03 Triple Coil 0.15ohm (Pack of 5),,400,,0,,ea,$11.25,,"$4,500.00",10/16/2019
8,H06931,,VooPoo Drag Baby Pnp-M2 Coil (Pack of 5),,200,,0,,ea,$7.00,,"$1,400.00",10/16/2019
Purchase Order #,,Vendor Name,,Status,,Issue Date,,Date Completed,,,Payment Terms,,Total Cost
#,Part Number,,Part Name,,Ordered,,Received,,UOM,Unit Cost,,Total Cost,Date Scheduled
9,H06933,,VooPoo Drag Baby Pnp-C1 Coil (Pack of 5),,400,,0,,ea,$7.45,,"$2,980.00",10/16/2019
10,H03476,,SMOK TFV8 Big Baby/Resa Baby Replacement Bulb #1,,300,,0,,ea,$0.84,,$252.00,10/16/2019
11,H00588,,TFV8 Bulb Big Baby #3 Replacement Glass (pack of 3),,200,,0,,ea,$2.28,,$456.00,10/16/2019
12,H06231,,SMOK Stick V9 Max Bulb Replacement Glass #8,,400,,0,,ea,$0.76,,$304.00,10/16/2019
13,H03650,,Justfog Mini Fit Pod 3 Pack,,"4,000",,0,,ea,$3.86,,"$15,440.00",10/16/2019
14,H00586,,Prince V12-M4 Coils (Pack of 3),,"1,500",,0,,ea,$4.75,,"$7,125.00",10/16/2019
15,H03562,,SMOK V12 Prince Strip Coil 3 Pack,,500,,0,,ea,$4.50,,"$2,250.00",10/16/2019
16,H04433,,SMOK Prince MAX MESH Coil (Pack of 3),,"2,000",,0,,ea,$4.53,,"$9,060.00",10/16/2019
17,H04524,,Smok V12 Prince Dual Mesh Coil (Pack of 3),,"2,000",,0,,ea,$5.43,,"$10,860.00",10/16/2019
18,H02964,,Horizon Falcon Coil M1 3 Pack,,"6,000",,0,,ea,$5.14,,"$30,840.00",10/16/2019
19,H06085,,Horizon M-Dual Coil 0.38ohm (Pack of 3),,"3,000",,0,,ea,$8.00,,"$24,000.00",10/16/2019
20,H03778,,Horizon Falcon Coil M2 0.16ohm 3 Pack,,"5,000",,0,,ea,$6.03,,"$30,150.00",10/16/2019
21,H06084,,Horizon falcon  M1+ Coil 0.16ohm (Pack of 3),,"4,000",,0,,ea,$5.97,,"$23,880.00",10/16/2019
22,H05497,,SMOK NORD 0.6ohm Mesh Coil (Pack of 5),,"10,000",,0,,ea,$6.80,,"$68,000.00",10/16/2019
23,H05496,,SMOK NORD 1.4ohm Regular Coil (Pack of 5),,"4,000",,0,,ea,$5.80,,"$23,200.00",10/16/2019
24,H07134,,Uwell Valyrian 2 UN2 Single Mesh Coil 0.32 (Pack of 2),,"2,000",,0,,ea,$4.27,,"$8,540.00",10/16/2019
003028,,Gost Vapor,,Unissued,,,,,,,,,"$6,625.00"
1,J01124,,Pancake Banana Nuts 100ml - 3MG,,100,,0,,ea,$5.00,,$500.00,10/17/2019
2,J01125,,Pancake Banana Nuts 100ml - 6MG,,50,,0,,ea,$5.00,,$250.00,10/17/2019
3,J01126,,Pancake Blueberry Flapjacks 100ml - 0MG,,25,,0,,ea,$5.00,,$125.00,10/17/2019
4,J01127,,Pancake Blueberry Flapjacks 100ml - 3MG,,100,,0,,ea,$5.00,,$500.00,10/17/2019
5,J01128,,Pancake Blueberry Flapjacks 100ml - 6MG,,75,,0,,ea,$5.00,,$375.00,10/17/2019
6,J01130,,Pancake Glazed Strawberry 100ml - 3MG,,50,,0,,ea,$5.00,,$250.00,10/17/2019
7,J01131,,Pancake Glazed Strawberry 100ml - 6MG,,50,,0,,ea,$5.00,,$250.00,10/17/2019
8,J01132,,Pancake Golden Maple 100ml - 0MG,,25,,0,,ea,$5.00,,$125.00,10/17/2019
9,J01133,,Pancake Golden Maple 100ml - 3MG,,300,,0,,ea,$5.00,,"$1,500.00",10/17/2019
10,J01134,,Pancake Golden Maple 100ml - 6MG,,100,,0,,ea,$5.00,,$500.00,10/17/2019
11,J03064,,Pancake Raspberry Hotcakes 100ml - 3MG,,100,,0,,ea,$5.00,,$500.00,10/17/2019
12,J03065,,Pancake Raspberry Hotcakes 100ml - 6MG,,25,,0,,ea,$5.00,,$125.00,10/17/2019
13,J03647,,GOST Pumpkin Spice 100ml 0MG,,25,,0,,ea,$5.00,,$125.00,10/17/2019
14,J03648,,GOST Pumpkin Spice 100ml 3MG,,50,,0,,ea,$5.00,,$250.00,10/17/2019
Purchase Order #,,Vendor Name,,Status,,Issue Date,,Date Completed,,,Payment Terms,,Total Cost
#,Part Number,,Part Name,,Ordered,,Received,,UOM,Unit Cost,,Total Cost,Date Scheduled
15,J03649,,GOST Pumpkin Spice 100ml 6MG,,25,,0,,ea,$5.00,,$125.00,10/17/2019
16,J04491,,Gost Pancake House French Vanilla Stack 100ml 3MG,,150,,0,,ea,$5.00,,$750.00,10/17/2019
17,J04492,,Gost Pancake House French Vanilla Stack 100ml 6MG,,75,,0,,ea,$5.00,,$375.00,10/17/2019
003030,,CPG LLC,,Unissued,,,,,,,,,"$31,500.00"
1,H07618,,Puff Bar Strawberry 5% Nicotine,,500,,0,,ea,$3.00,,"$1,500.00",10/17/2019
2,H07619,,Puff Bar Pineapple Lemonade 5% Nicotine,,"1,250",,0,,ea,$3.00,,"$3,750.00",10/17/2019
3,H07620,,Puff Bar Cool Mint 5% Nicotine,,"1,250",,0,,ea,$3.00,,"$3,750.00",10/17/2019
4,H07621,,Puff Bar Lush ICE 5% Nicotine,,500,,0,,ea,$3.00,,"$1,500.00",10/17/2019
5,H07622,,Puff Bar O.M.G. 5% Nicotine,,750,,0,,ea,$3.00,,"$2,250.00",10/17/2019
6,H07900,,Puff Bar Lychee Ice 5% Nicotine,,"1,000",,0,,ea,$3.00,,"$3,000.00",10/17/2019
7,H07901,,Puff Bar Sour Apple 5% Nicotine,,"1,000",,0,,ea,$3.00,,"$3,000.00",10/17/2019
8,H07902,,Puff Bar Pomegranate 5% Nicotine,,750,,0,,ea,$3.00,,"$2,250.00",10/17/2019
9,H07903,,Puff Bar Grape 5% Nicotine,,"1,000",,0,,ea,$3.00,,"$3,000.00",10/17/2019
10,H07904,,Puff Bar Cucumber 5% Nicotine,,250,,0,,ea,$3.00,,$750.00,10/17/2019
11,H07963,,Puff Bar Pink Lemonade 5% Nicotine,,500,,0,,ea,$3.00,,"$1,500.00",10/17/2019
12,H07992,,Puff Bar Watermelon 5% Nicotine,,500,,0,,ea,$3.00,,"$1,500.00",10/17/2019
13,H07993,,Puff Bar Blueberry 5% Nicotine,,250,,0,,ea,$3.00,,$750.00,10/17/2019
14,H07994,,Puff Bar Blue Razz 5% Nicotine,,500,,0,,ea,$3.00,,"$1,500.00",10/17/2019
15,H07995,,Puff Bar Mango 5% Nicotine,,500,,0,,ea,$3.00,,"$1,500.00",10/17/2019
003040,,Flamingo Technology Limited,,Unissued,,,,,,,,,"$4,567.50"
1,H05899,,Vaporesso LUXE Nano Kit Black,,30,,0,,ea,$31.00,,$930.00,10/07/2019
2,H05900,,Vaporesso LUXE Nano Kit Bronze,,30,,0,,ea,$31.00,,$930.00,10/07/2019
3,H05902,,Vaporesso LUXE Nano Kit Rainbow,,30,,0,,ea,$31.00,,$930.00,10/07/2019
4,H05904,,Vaporesso LUXE Nano Kit Silver,,30,,0,,ea,$33.00,,$990.00,10/07/2019
5,H04737,,Vaporesso Tarot Baby Kit Black,,15,,0,,ea,$17.50,,$262.50,10/07/2019
6,H04739,,Vaporesso Tarot Baby Kit Green,,30,,0,,ea,$17.50,,$525.00,10/07/2019
003048,,New Imports LLC,,Unissued,,,,,,,,,"$17,200.00"
1,H02964,,Horizon Falcon Coil M1 3 Pack,,600,,0,,ea,$6.00,,"$3,600.00",10/19/2019
2,H05497,,SMOK NORD 0.6ohm Mesh Coil (Pack of 5),,"2,000",,0,,ea,$6.80,,"$13,600.00",10/19/2019
003050,,Imren,,Unissued,,,,,,,,,$900.00
1,H07552,,IMREN 10000mAh Power Bank Pink,,25,,0,,ea,$12.00,,$300.00,10/21/2019
Purchase Order #,,Vendor Name,,Status,,Issue Date,,Date Completed,,,Payment Terms,,Total Cost
#,Part Number,,Part Name,,Ordered,,Received,,UOM,Unit Cost,,Total Cost,Date Scheduled
2,H07876,,IMREN 10000mAh Power Bank Black,,25,,0,,ea,$12.00,,$300.00,10/21/2019
3,H07551,,IMREN 10000mAh Power Bank Grey,,25,,0,,ea,$12.00,,$300.00,10/21/2019
003053,,VAPE LDRS (Flawless Vape TX),,Unissued,,,,,,,,,"$19,870.00"
1,J05055,,Warning Apple Pear Kiwi 100ml 0MG,,15,,0,,ea,$5.50,,$82.50,10/21/2019
2,J05056,,Warning Apple Pear Kiwi 100ml 3MG,,200,,0,,ea,$5.50,,"$1,100.00",10/21/2019
3,J05057,,Warning Apple Pear Kiwi 100ml 6MG,,100,,0,,ea,$5.50,,$550.00,10/21/2019
4,J05058,,Warning Cherry Lime Slush 100ml 0MG,,25,,0,,ea,$5.50,,$137.50,10/21/2019
5,J05059,,Warning Cherry Lime Slush 100ml 3MG,,400,,0,,ea,$5.50,,"$2,200.00",10/21/2019
6,J05060,,Warning Cherry Lime Slush 100ml 6MG,,200,,0,,ea,$5.50,,"$1,100.00",10/21/2019
7,J05062,,Warning French Toast 100ml 3MG,,100,,0,,ea,$5.50,,$550.00,10/21/2019
8,J05065,,Warning Strawberry Watermelon Lemonade 100ml 3MG,,200,,0,,ea,$5.50,,"$1,100.00",10/21/2019
9,J05066,,Warning Strawberry Watermelon Lemonade 100ml 6MG,,100,,0,,ea,$5.50,,$550.00,10/21/2019
10,J05051,,Warning Salts Apple Pear Kiwi 30ml 35MG,,100,,0,,ea,$5.00,,$500.00,10/21/2019
11,J05054,,Warning Salts Strawberry Watermelon Lemonade 30ml 35MG,,300,,0,,ea,$5.00,,"$1,500.00",10/21/2019
12,J05043,,To The Max Apple 2x60ml 3MG,,200,,0,,ea,$7.00,,"$1,400.00",10/21/2019
13,J05046,,To The Max Mango Pineapple 2x60ml 3MG,,200,,0,,ea,$7.00,,"$1,400.00",10/21/2019
14,J05047,,To The Max Mango Pineapple 2x60ml 6MG,,100,,0,,ea,$7.00,,$700.00,10/21/2019
15,J05049,,To The Max Strawberry Kiwi 2x60ml 3MG,,100,,0,,ea,$7.00,,$700.00,10/21/2019
16,J05050,,To The Max Strawberry Kiwi 2x60ml 6MG,,100,,0,,ea,$7.00,,$700.00,10/21/2019
17,J05034,,To The Max ICE Apple 2x60ml 3MG,,100,,0,,ea,$7.00,,$700.00,10/21/2019
18,J05035,,To The Max ICE Apple 2x60ml 6MG,,100,,0,,ea,$7.00,,$700.00,10/21/2019
19,J05037,,To The Max ICE Mango Pineapple 2x60ml 3MG,,200,,0,,ea,$7.00,,"$1,400.00",10/21/2019
20,J05038,,To The Max ICE Mango Pineapple 2x60ml 6MG,,100,,0,,ea,$7.00,,$700.00,10/21/2019
21,J05041,,To The Max ICE Strawberry Kiwi 2x60ml 6MG,,100,,0,,ea,$7.00,,$700.00,10/21/2019
22,J05040,,To The Max ICE Strawberry Kiwi 2x60ml 3MG,,200,,0,,ea,$7.00,,"$1,400.00",10/21/2019
003057,,New Imports LLC,,Unissued,,,,,,,,,"$13,580.00"
1,H00163,,Smok TFV8 Baby V8-Q2 Coil 0.6Ohm (Pack of 5),,200,,0,,ea,$6.25,,"$1,250.00",10/21/2019
2,H03519,,SMOK Big Baby V8-Q4 Coil 5 Pack,,100,,0,,ea,$8.25,,$825.00,10/21/2019
3,H02258,,Smok TFV8 Baby V8-X4 Coil (Pack of 5),,400,,0,,ea,$7.00,,"$2,800.00",10/21/2019
4,H02544,,Smok TFV8 Baby TF-T8 Coil (Pack of 5),,100,,0,,ea,$10.25,,"$1,025.00",10/21/2019
5,H02962,,Horizon Falcon Coil F2 3 Pack,,100,,0,,ea,$4.80,,$480.00,10/21/2019
Purchase Order #,,Vendor Name,,Status,,Issue Date,,Date Completed,,,Payment Terms,,Total Cost
#,Part Number,,Part Name,,Ordered,,Received,,UOM,Unit Cost,,Total Cost,Date Scheduled
6,H06084,,Horizon falcon  M1+ Coil 0.16ohm (Pack of 3),,200,,0,,ea,$6.00,,"$1,200.00",10/21/2019
7,H03778,,Horizon Falcon Coil M2 0.16ohm 3 Pack,,200,,0,,ea,$6.00,,"$1,200.00",10/21/2019
8,H06085,,Horizon M-Dual Coil 0.38ohm (Pack of 3),,600,,0,,ea,$8.00,,"$4,800.00",10/21/2019
003061,,New Imports LLC,,Unissued,,,,,,,,,"$7,030.00"
1,J01237,,Reds Apple EJuice 60mL 0MG,,10,,0,,ea,$6.50,,$65.00,10/22/2019
2,J01390,,Reds Apple EJuice 60mL 6MG,,10,,0,,ea,$6.50,,$65.00,10/22/2019
3,J00006,,Reds Apple Grape 60mL - 6mg,,25,,0,,ea,$6.50,,$162.50,10/22/2019
4,J00007,,Reds Apple Grape ICED 60mL - 0mg,,10,,0,,ea,$6.50,,$65.00,10/22/2019
5,J00008,,Reds Apple Grape ICED 60mL - 3mg,,100,,0,,ea,$6.50,,$650.00,10/22/2019
6,J00009,,Reds Apple Grape ICED 60mL - 6mg,,25,,0,,ea,$6.50,,$162.50,10/22/2019
7,J00428,,Reds EJuice 60mL Watermelon 0mg,,10,,0,,ea,$6.50,,$65.00,10/22/2019
8,J00430,,Reds EJuice 60mL Watermelon 3mg,,50,,0,,ea,$6.50,,$325.00,10/22/2019
9,J01480,,Reds EJuice 60mL Watermelon Iced 3mg,,250,,0,,ea,$6.50,,"$1,625.00",10/22/2019
10,J02649,,Reds Berries Apple E-Juice 60ml 6MG,,10,,0,,ea,$6.50,,$65.00,10/22/2019
11,J02650,,Reds Berries Apple E-Juice ICED 60ml 0MG,,10,,0,,ea,$6.50,,$65.00,10/22/2019
12,J02651,,Reds Berries Apple E-Juice ICED 60ml 3MG,,50,,0,,ea,$6.50,,$325.00,10/22/2019
13,J02652,,Reds Berries Apple E-Juice ICED 60ml 6MG,,25,,0,,ea,$6.50,,$162.50,10/22/2019
14,J03438,,Reds Salts Apple ICED 30ml 30MG,,25,,0,,ea,$6.00,,$150.00,10/22/2019
15,J03439,,Reds Salts Apple ICED 30ml 50MG,,50,,0,,ea,$6.00,,$300.00,10/22/2019
16,J03446,,Reds Salts Berries ICED 30ml 30MG,,25,,0,,ea,$6.00,,$150.00,10/22/2019
17,J03443,,Reds Salts Watermelon ICED 30ml 50MG,,25,,0,,ea,$6.00,,$150.00,10/22/2019
18,J04025,,Reds Salts Mango 30ml 30MG,,25,,0,,ea,$6.00,,$150.00,10/22/2019
19,J04028,,Reds Salts Mango ICED 30ml 50MG,,25,,0,,ea,$6.00,,$150.00,10/22/2019
20,J01481,,Reds EJuice 60mL Watermelon Iced 6mg,,50,,0,,ea,$6.50,,$325.00,10/22/2019
21,J04023,,Reds Apple Mango ICED 60ml 3MG,,50,,0,,ea,$6.50,,$325.00,10/22/2019
22,J01361,,Reds Iced Apple EJuice  60mL 0MG,,10,,0,,ea,$6.50,,$65.00,10/22/2019
23,J01284,,Reds Iced Apple EJuice  60mL 3MG,,200,,0,,ea,$6.50,,"$1,300.00",10/22/2019
24,J01359,,Reds Iced Apple EJuice  60mL 6MG,,25,,0,,ea,$6.50,,$162.50,10/22/2019
003065,,CPG LLC,,Unissued,,,,,,,,,"$15,750.00"
1,H06249,,VGOD STIG Disposable Pod Device Tropical Mango (Pack of 3),,200,,0,,ea,$11.25,,"$2,250.00",10/22/2019
2,H06250,,VGOD STIG Disposable Pod Device Lush ICE (Pack of 3),,600,,0,,ea,$11.25,,"$6,750.00",10/22/2019
Purchase Order #,,Vendor Name,,Status,,Issue Date,,Date Completed,,,Payment Terms,,Total Cost
#,Part Number,,Part Name,,Ordered,,Received,,UOM,Unit Cost,,Total Cost,Date Scheduled
3,H06301,,VGOD STIG Disposable Pod Device Mango Bomb ice(Pack of 3),,400,,0,,ea,$11.25,,"$4,500.00",10/22/2019
4,H06313,,VGOD STIG Disposable Pod Device Cubano (Pack of 3),,200,,0,,ea,$11.25,,"$2,250.00",10/22/2019
003067,,eight cig,,Unissued,,,,,,,,,"$33,800.00"
1,H04089,,Smok Novo Kit Prism Chrome and Royal Blue Cobra,,500,,0,,ea,$8.00,,"$4,000.00",10/22/2019
2,H04090,,Smok Novo Kit Prism Chrome and Red Cobra,,400,,0,,ea,$8.00,,"$3,200.00",10/22/2019
3,H04091,,Smok Novo Kit Prism Chrome and Green Cobra,,200,,0,,ea,$8.00,,"$1,600.00",10/22/2019
4,H04097,,Smok Novo Kit Prism Chrome and Rainbow Cobra,,500,,0,,ea,$8.00,,"$4,000.00",10/22/2019
5,H04098,,Smok Novo Kit Prism Chrome and Black Cobra,,600,,0,,ea,$8.00,,"$4,800.00",10/22/2019
6,H04099,,Smok Novo Kit Prism Chrome and Pink Cobra,,500,,0,,ea,$8.00,,"$4,000.00",10/22/2019
7,H04263,,SMOK Novo Kit Prism Chrome and Prism Blue Cobra,,400,,0,,ea,$8.00,,"$3,200.00",10/22/2019
8,H04400,,SMOK Novo Kit Prism Chrome and White Cobra,,400,,0,,ea,$8.00,,"$3,200.00",10/22/2019
9,H07632,,SMOK A-Priv Mod Purple,,50,,0,,ea,$14.50,,$725.00,10/22/2019
10,H07634,,SMOK A-Priv Mod Prism Gunmetal,,20,,0,,ea,$14.50,,$290.00,10/22/2019
11,H07635,,SMOK A-Priv Mod Prism Rainbow,,100,,0,,ea,$14.50,,"$1,450.00",10/22/2019
12,H07636,,SMOK A-Priv Mod Red,,20,,0,,ea,$14.50,,$290.00,10/22/2019
13,H07637,,SMOK A-Priv Mod Auto Pink,,50,,0,,ea,$14.50,,$725.00,10/22/2019
14,H07638,,SMOK A-Priv Mod Black Prism,,20,,0,,ea,$14.50,,$290.00,10/22/2019
15,H07625,,SMOK T-Storm Mod White Black,,20,,0,,ea,$14.50,,$290.00,10/22/2019
16,H07628,,SMOK T-Storm Mod 7-Color Black,,50,,0,,ea,$14.50,,$725.00,10/22/2019
17,H07822,,SMOK D-Barrel Mod Prism Blue,,50,,0,,ea,$14.50,,$725.00,10/22/2019
18,H07823,,SMOK D-Barrel Mod Red,,20,,0,,ea,$14.50,,$290.00,10/22/2019
003073,,Sigelei Vape Inc,,Unissued,,,,,,,,,"$18,807.48"
1,H05905,,SnowWolf Wolf Mini Replacement Coils WF 0.28ohm (Pack of 5),,150,,0,,ea,$6.00,,$900.00,10/22/2019
2,H07185,,Snowwolf Exilis Replacement Coils 1.8ohm (Pack of 5),,200,,0,,ea,$3.60,,$720.00,10/22/2019
3,H04054,,SnowWolf Mfeng Kit Stainless Steel,,15,,0,,ea,$34.00,,$510.00,10/22/2019
4,H04055,,SnowWolf Mfeng Kit gunmetal,,10,,0,,ea,$36.00,,$360.00,10/22/2019
5,H04057,,SnowWolf Mfeng Kit Black/Silver,,10,,0,,ea,$32.00,,$320.00,10/22/2019
6,H04058,,SnowWolf Mfeng Kit Black/Rainbow,,30,,0,,ea,$32.00,,$960.00,10/22/2019
7,H06848,,Snowwolf Wocket Pod Device Kit Unicorn Rainbow,,30,,0,,ea,$18.00,,$540.00,10/22/2019
Purchase Order #,,Vendor Name,,Status,,Issue Date,,Date Completed,,,Payment Terms,,Total Cost
#,Part Number,,Part Name,,Ordered,,Received,,UOM,Unit Cost,,Total Cost,Date Scheduled
8,H06849,,Snowwolf Wocket Pod Device Kit Marble Gold,,10,,0,,ea,$18.00,,$180.00,10/22/2019
9,H05803,,SnowWolf Mfeng Baby Kit Black/Rainbow,,10,,0,,ea,$20.00,,$200.00,10/22/2019
10,H05804,,SnowWolf Mfeng Baby Kit Black/Stainless,,5,,0,,ea,$20.00,,$100.00,10/22/2019
11,H07023,,Snowwolf Wocket Coil 0.7ohm (Pack of 5),,200,,0,,ea,$0.00,,$0.00,10/22/2019
12,H06699,,Snowwolf Exilis Pod and Coil Pack (1 Pod + 2 Coils),,100,,0,,ea,$1.85,,$185.00,10/22/2019
13,H06548,,SnowWolf Mfeng UX Mod Space Blue,,20,,0,,ea,$28.00,,$560.00,10/22/2019
14,H06549,,SnowWolf Mfeng UX Mod Pearl White&Gold,,30,,0,,ea,$28.00,,$840.00,10/22/2019
15,H06550,,SnowWolf Mfeng UX Mod Chrome Red,,20,,0,,ea,$28.00,,$560.00,10/22/2019
16,H06552,,SnowWolf Mfeng UX Mod Black & Gold,,20,,0,,ea,$28.00,,$560.00,10/22/2019
17,H04060,,SnowWolf Mfeng Coil WF 0.2ohm Rainbow 5 Pack,,20,,0,,ea,$6.00,,$120.00,10/22/2019
18,H04061,,SnowWolf Mfeng Coil WF-H 0.16ohm Rainbow 5 Pack,,20,,0,,ea,$6.00,,$120.00,10/22/2019
19,H04062,,SnowWolf Mfeng Coil WF 0.2ohm Stainless Steel 5 Pack,,20,,0,,ea,$6.00,,$120.00,10/22/2019
20,H04064,,SnowWolf Mfeng Coil WF 0.2ohm Gold 5 Pack,,10,,0,,ea,$6.00,,$60.00,10/22/2019
21,H06484,,Snowwolf WF-M Coils 0.13ohm (Pack of 5),,80,,0,,ea,$6.00,,$480.00,10/22/2019
22,H05499,,Sigelei MS Coil 0.25ohm (Pack of 5),,100,,0,,ea,$2.82,,$282.48,10/22/2019
23,H05500,,Sigelei MS-H Coils 0.20ohm (Pack of 5),,100,,0,,ea,$6.00,,$600.00,10/22/2019
24,H06682,,Sigelei Sibra F Kit Galaxy Blue,,20,,0,,ea,$10.00,,$200.00,10/22/2019
25,H06683,,Sigelei Sibra F Kit Geo White,,30,,0,,ea,$11.00,,$330.00,10/22/2019
26,H05509,,Sigelei Chronus Shikra Kit Gold Stainless,,200,,0,,ea,$15.00,,"$3,000.00",10/22/2019
27,H05515,,Sigelei Chronus Shikra Kit Black Stainless,,200,,0,,ea,$15.00,,"$3,000.00",10/22/2019
28,H05510,,Sigelei Chronus Shikra Kit Rainbow Stainless,,200,,0,,ea,$15.00,,"$3,000.00",10/22/2019
29,H08011,,Snowwolf Afeng Pod Device Kit Space Grey,,20,,0,,ea,$0.00,,$0.00,10/22/2019
30,H08012,,Snowwolf Afeng Pod Device Kit Rose Red,,20,,0,,ea,$0.00,,$0.00,10/22/2019
31,H08013,,Snowwolf Afeng Pod Device Kit Indigo Blue,,20,,0,,ea,$0.00,,$0.00,10/22/2019
32,H08014,,Snowwolf Afeng Pod Device Kit Champagne Gold,,20,,0,,ea,$0.00,,$0.00,10/22/2019
33,H08015,,Snowwolf Afeng Pod Device Kit Black,,20,,0,,ea,$0.00,,$0.00,10/22/2019
34,H08016,,Snowwolf Afeng Replacement Cartridge (Pack of 2),,50,,0,,ea,$0.00,,$0.00,10/22/2019
35,H08017,,Snowwolf Wicked Coil 0.6ohm (Pack of 5),,100,,0,,ea,$0.00,,$0.00,10/22/2019
003079,,Kakuqi,,Unissued,,,,,,,,,"$43,315.00"
1,H05926,,Orion Q Replacement Pod 1.0Ohm (Pack of 2),,"1,500",,0,,ea,$4.69,,"$7,035.00",10/23/2019
Purchase Order #,,Vendor Name,,Status,,Issue Date,,Date Completed,,,Payment Terms,,Total Cost
#,Part Number,,Part Name,,Ordered,,Received,,UOM,Unit Cost,,Total Cost,Date Scheduled
2,H05497,,SMOK NORD 0.6ohm Mesh Coil (Pack of 5),,"2,000",,0,,ea,$6.84,,"$13,680.00",10/23/2019
3,H05496,,SMOK NORD 1.4ohm Regular Coil (Pack of 5),,"1,000",,0,,ea,$7.20,,"$7,200.00",10/23/2019
4,H07941,,SMOK Fetch Mini Pod Device Kit Black,,300,,0,,ea,$22.00,,"$6,600.00",10/23/2019
5,H07942,,SMOK Fetch Mini Pod Device Kit Green,,100,,0,,ea,$22.00,,"$2,200.00",10/23/2019
6,H07943,,SMOK Fetch Mini Pod Device Kit Orange,,100,,0,,ea,$22.00,,"$2,200.00",10/23/2019
7,H07944,,SMOK Fetch Mini Pod Device Kit Blue,,100,,0,,ea,$22.00,,"$2,200.00",10/23/2019
8,H07945,,SMOK Fetch Mini Pod Device Kit Dark Brown,,100,,0,,ea,$22.00,,"$2,200.00",10/23/2019
9,H07946,,Smok Fetch Nord Cartridge (Pack of 2),,400,,0,,ea,$0.00,,$0.00,10/23/2019
003084,,Midwest Vape Supply,,Unissued,,,,,,,,,$981.00
1,J01401,,Sapphyre Bottle Nicotine Salt 15ml 25MG,,300,,0,,ea,$0.95,,$285.00,10/23/2019
2,J01402,,Sapphyre Bottle Nicotine Salt 15ml 45MG,,400,,0,,ea,$0.99,,$396.00,10/23/2019
3,J00759,,Sapphyre Nic .9ml 10% Nicotine Pack,,500,,0,,ea,$0.60,,$300.00,10/23/2019
003085,,CPG LLC,,Unissued,,,,,,,,,"$17,922.00"
1,J03275,,Sadboy Butter Cookie 100ml 0MG,,20,,0,,ea,$5.80,,$116.00,10/23/2019
2,J03276,,Sadboy Butter Cookie 100ml 3MG,,350,,0,,ea,$5.80,,"$2,030.00",10/23/2019
3,J03277,,Sadboy Butter Cookie 100ml 6MG,,150,,0,,ea,$5.80,,$870.00,10/23/2019
4,J03278,,Sadboy Key Lime Cookie 100ml 0MG,,20,,0,,ea,$5.80,,$116.00,10/23/2019
5,J03279,,Sadboy Key Lime Cookie 100ml 3MG,,350,,0,,ea,$5.80,,"$2,030.00",10/23/2019
6,J03280,,Sadboy Key Lime Cookie 100ml 6MG,,200,,0,,ea,$5.80,,"$1,160.00",10/23/2019
7,J03281,,Sadboy Blueberry Jam Cookie 100ml 0MG,,15,,0,,ea,$5.80,,$87.00,10/23/2019
8,J03282,,Sadboy Blueberry Jam Cookie 100ml 3MG,,150,,0,,ea,$5.80,,$870.00,10/23/2019
9,J03283,,Sadboy Blueberry Jam Cookie 100ml 6MG,,100,,0,,ea,$5.80,,$580.00,10/23/2019
10,J03284,,Sadboy Strawberry Jam Cookie 100ml 0MG,,15,,0,,ea,$5.80,,$87.00,10/23/2019
11,J03285,,Sadboy Strawberry Jam Cookie 100ml 3MG,,200,,0,,ea,$5.80,,"$1,160.00",10/23/2019
12,J03286,,Sadboy Strawberry Jam Cookie 100ml 6MG,,100,,0,,ea,$5.80,,$580.00,10/23/2019
13,J03656,,Sadboy Pumpkin Cookie 100ml 0MG,,15,,0,,ea,$5.80,,$87.00,10/23/2019
14,J03657,,Sadboy Pumpkin Cookie 100ml 3MG,,200,,0,,ea,$5.80,,"$1,160.00",10/23/2019
15,J03658,,Sadboy Pumpkin Cookie 100ml 6MG,,50,,0,,ea,$5.80,,$290.00,10/23/2019
16,J04159,,Sadboy Custard Cookie 100ml 0MG,,15,,0,,ea,$5.80,,$87.00,10/23/2019
17,J04160,,Sadboy Custard Cookie 100ml 3MG,,250,,0,,ea,$5.80,,"$1,450.00",10/23/2019
18,J04161,,Sadboy Custard Cookie 100ml 6MG,,100,,0,,ea,$5.80,,$580.00,10/23/2019
19,J04162,,Sadboy Unicorn Tears 100ml 0MG,,25,,0,,ea,$5.80,,$145.00,10/23/2019
Purchase Order #,,Vendor Name,,Status,,Issue Date,,Date Completed,,,Payment Terms,,Total Cost
#,Part Number,,Part Name,,Ordered,,Received,,UOM,Unit Cost,,Total Cost,Date Scheduled
20,J04163,,Sadboy Unicorn Tears 100ml 3MG,,150,,0,,ea,$5.80,,$870.00,10/23/2019
21,J04164,,Sadboy Unicorn Tears 100ml 6MG,,50,,0,,ea,$5.80,,$290.00,10/23/2019
22,J04288,,Sadboy Shamrock Cookie 100ml 0MG,,15,,0,,ea,$5.80,,$87.00,10/23/2019
23,J04289,,Sadboy Shamrock Cookie 100ml 3MG,,400,,0,,ea,$5.80,,"$2,320.00",10/23/2019
24,J04290,,Sadboy Shamrock Cookie 100ml 6MG,,150,,0,,ea,$5.80,,$870.00,10/23/2019
003086,,Town Vapor Co,,Unissued,,,,,,,,,"$7,430.00"
1,J02832,,Holy Cannoli Blueberry Strudel 100ml 3MG,,150,,0,,ea,$5.50,,$825.00,10/23/2019
2,J02833,,Holy Cannoli Blueberry Strudel 100ml 6MG,,25,,0,,ea,$5.50,,$137.50,10/23/2019
3,J02835,,Holy Cannoli French Toast 100ml 3MG,,150,,0,,ea,$5.50,,$825.00,10/23/2019
4,J02836,,Holy Cannoli French Toast 100ml 6MG,,100,,0,,ea,$5.50,,$550.00,10/23/2019
5,J02837,,Holy Cannoli Fruity Pebbled Cannoli 100ml 0MG,,10,,0,,ea,$5.50,,$55.00,10/23/2019
6,J02838,,Holy Cannoli Fruity Pebbled Cannoli 100ml 3MG,,150,,0,,ea,$5.50,,$825.00,10/23/2019
7,J02839,,Holy Cannoli Fruity Pebbled Cannoli 100ml 6MG,,50,,0,,ea,$5.50,,$275.00,10/23/2019
8,J02841,,Holy Cannoli Glazed Donut 100ml 3MG,,25,,0,,ea,$5.50,,$137.50,10/23/2019
9,J02842,,Holy Cannoli Glazed Donut 100ml 6MG,,10,,0,,ea,$5.50,,$55.00,10/23/2019
10,J02844,,Holy Cannoli Strawberry Cream 100ml 3MG,,50,,0,,ea,$5.50,,$275.00,10/23/2019
11,J02845,,Holy Cannoli Strawberry Cream 100ml 6MG,,25,,0,,ea,$5.50,,$137.50,10/23/2019
12,J03061,,Holy Cannoli Lemon Custard 100ml 3MG,,50,,0,,ea,$5.50,,$275.00,10/23/2019
13,J03062,,Holy Cannoli Lemon Custard 100ml 6MG,,10,,0,,ea,$6.00,,$60.00,10/23/2019
14,J02847,,Nude S.C.P 120ml 3MG,,150,,0,,ea,$5.50,,$825.00,10/23/2019
15,J02848,,Nude S.C.P 120ml 6MG,,50,,0,,ea,$5.50,,$275.00,10/23/2019
16,J02850,,Nude G.A.S. 120ml 3MG,,50,,0,,ea,$5.50,,$275.00,10/23/2019
17,J02851,,Nude G.A.S. 120ml 6MG,,25,,0,,ea,$5.50,,$137.50,10/23/2019
18,J02853,,Nude A.P.K. 120ml 3MG,,50,,0,,ea,$5.50,,$275.00,10/23/2019
19,J02854,,Nude A.P.K. 120ml 6MG,,10,,0,,ea,$5.50,,$55.00,10/23/2019
20,J02856,,Nude P.O.M. 120ml 3MG,,50,,0,,ea,$5.50,,$275.00,10/23/2019
21,J02857,,Nude P.O.M. 120ml 6MG,,50,,0,,ea,$5.50,,$275.00,10/23/2019
22,J02859,,Nude B.R.S. 120ml 3MG,,50,,0,,ea,$5.50,,$275.00,10/23/2019
23,J02860,,Nude B.R.S. 120ml 6MG,,25,,0,,ea,$5.50,,$137.50,10/23/2019
24,J03991,,Nude KRB 120ml 3MG,,25,,0,,ea,$5.50,,$137.50,10/23/2019
25,J03992,,Nude KRB 120ml 6MG,,10,,0,,ea,$5.50,,$55.00,10/23/2019
003087,,Prophet Premium Blends,,Unissued,,,,,,,,,"$48,468.75"
Purchase Order #,,Vendor Name,,Status,,Issue Date,,Date Completed,,,Payment Terms,,Total Cost
#,Part Number,,Part Name,,Ordered,,Received,,UOM,Unit Cost,,Total Cost,Date Scheduled
1,J00211,,Keep It 100 Blue slushie 100mL - 0mg,,50,,0,,ea,$5.00,,$250.00,10/23/2019
2,J00212,,Keep It 100 Blue slushie 100mL - 3mg,,"1,500",,0,,ea,$5.00,,"$7,500.00",10/23/2019
3,J00213,,Keep It 100 Blue slushie 100mL - 6mg,,800,,0,,ea,$5.00,,"$4,000.00",10/23/2019
4,J00214,,Keep It 100 Kiberry Killa 100mL - 0mg,,25,,0,,ea,$5.00,,$125.00,10/23/2019
5,J00215,,Keep It 100 Kiberry Killa 100mL - 3mg,,400,,0,,ea,$5.00,,"$2,000.00",10/23/2019
6,J00216,,Keep It 100 Kiberry Killa 100mL - 6mg,,50,,0,,ea,$5.00,,$250.00,10/23/2019
7,J00218,,Keep It 100 Krunchy Squares 100mL - 3mg,,300,,0,,ea,$5.00,,"$1,500.00",10/23/2019
8,J00219,,Keep It 100 Krunchy Squares 100mL - 6mg,,100,,0,,ea,$5.00,,$500.00,10/23/2019
9,J00221,,Keep It 100 Mallo Man 100mL - 3mg,,50,,0,,ea,$5.00,,$250.00,10/23/2019
10,J00222,,Keep It 100 Mallo Man 100mL - 6mg,,100,,0,,ea,$5.00,,$500.00,10/23/2019
11,J00227,,Keep It 100 Peachy Punch 100mL - 3mg,,50,,0,,ea,$5.00,,$250.00,10/23/2019
12,J00228,,Keep It 100 Peachy Punch 100mL - 6mg,,150,,0,,ea,$5.00,,$750.00,10/23/2019
13,J00223,,Keep It 100 Pink Burst 100mL - 0mg,,25,,0,,ea,$5.00,,$125.00,10/23/2019
14,J00224,,Keep It 100 Pink Burst 100mL - 3mg,,200,,0,,ea,$5.00,,"$1,000.00",10/23/2019
15,J00225,,Keep It 100 Pink Burst 100mL - 6mg,,200,,0,,ea,$5.00,,"$1,000.00",10/23/2019
16,J00229,,Keep It 100 Strawberry Milk 100mL - 0mg,,25,,0,,ea,$5.00,,$125.00,10/23/2019
17,J00230,,Keep It 100 Strawberry Milk 100mL - 3mg,,700,,0,,ea,$5.00,,"$3,500.00",10/23/2019
18,J00231,,Keep It 100 Strawberry Milk 100mL - 6mg,,150,,0,,ea,$5.00,,$750.00,10/23/2019
19,J01870,,Keep It 100 Nilla Almond 100mL - 3mg,,150,,0,,ea,$5.00,,$750.00,10/23/2019
20,J01871,,Keep It 100 Nilla Almond 100mL - 6mg,,50,,0,,ea,$5.00,,$250.00,10/23/2019
21,J02552,,Keep It 100 Blue Slushie ICE 100mL - 0mg,,50,,0,,ea,$5.00,,$250.00,10/23/2019
22,J02553,,Keep It 100 Blue Slushie ICE 100mL - 3mg,,600,,0,,ea,$5.00,,"$3,000.00",10/23/2019
23,J02554,,Keep It 100 Blue Slushie ICE 100mL - 6mg,,400,,0,,ea,$5.00,,"$2,000.00",10/23/2019
24,J02555,,Keep It 100 Blue Slushie Lemonade 100mL - 0mg,,50,,0,,ea,$5.00,,$250.00,10/23/2019
25,J02556,,Keep It 100 Blue Slushie Lemonade 100mL - 3mg,,"1,000",,0,,ea,$5.00,,"$5,000.00",10/23/2019
26,J02557,,Keep It 100 Blue Slushie Lemonade 100mL - 6mg,,300,,0,,ea,$5.00,,"$1,500.00",10/23/2019
27,J03168,,Keep It 100 Tropical Blue Slushie 100ml 0MG,,50,,0,,ea,$5.00,,$250.00,10/23/2019
28,J03169,,Keep It 100 Tropical Blue Slushie 100ml 3MG,,"1,100",,0,,ea,$5.00,,"$5,500.00",10/23/2019
29,J03170,,Keep It 100 Tropical Blue Slushie 100ml 6MG,,400,,0,,ea,$5.00,,"$2,000.00",10/23/2019
30,J04043,,Keep It 100 Birthday Shake 100ml 3MG,,250,,0,,ea,$5.00,,"$1,250.00",10/23/2019
31,J04044,,Keep It 100 Birthday Shake 100ml 6MG,,100,,0,,ea,$5.00,,$500.00,10/23/2019
32,J03462,,TRPCL Fruit Punch 100ml 3MG,,25,,0,,ea,$5.00,,$125.00,10/23/2019
Purchase Order #,,Vendor Name,,Status,,Issue Date,,Date Completed,,,Payment Terms,,Total Cost
#,Part Number,,Part Name,,Ordered,,Received,,UOM,Unit Cost,,Total Cost,Date Scheduled
33,J03463,,TRPCL Fruit Punch 100ml 6MG,,25,,0,,ea,$5.00,,$125.00,10/23/2019
34,J03468,,TRPCL Apple Paradise 100ml 3MG,,25,,0,,ea,$5.00,,$125.00,10/23/2019
35,J03471,,TRPCL Aloha Gummy 100ml 3MG,,50,,0,,ea,$5.00,,$250.00,10/23/2019
36,J03474,,TRPCL Blueberry Pom 100ml 3MG,,50,,0,,ea,$5.00,,$250.00,10/23/2019
37,J03475,,TRPCL Blueberry Pom 100ml 6MG,,25,,0,,ea,$5.00,,$125.00,10/23/2019
38,J03451,,TRPCL Salts Fruit Punch 30ml 25MG,,25,,0,,ea,$4.75,,$118.75,10/23/2019
39,J03453,,TRPCL Salts Mango Madness 30ml 25MG,,25,,0,,ea,$4.75,,$118.75,10/23/2019
40,J03454,,TRPCL Salts Mango Madness 30ml 50MG,,25,,0,,ea,$4.75,,$118.75,10/23/2019
41,J03458,,TRPCL Salts Aloha Gummy 30ml 50MG,,25,,0,,ea,$4.75,,$118.75,10/23/2019
42,J03460,,TRPCL Salts Blueberry Pom 30ml 50MG,,25,,0,,ea,$4.75,,$118.75,10/23/2019
003089,,Drip Club,,Unissued,,,,,,,,,"$13,980.00"
1,J03311,,Candy POP! Blue Raspberry Hard Candy 100ml 3MG,,25,,0,,ea,$6.00,,$150.00,10/24/2019
2,J03326,,Candy POP! ICED Blue Raspberry Hard Candy 100ml 3MG,,100,,0,,ea,$6.00,,$600.00,10/24/2019
3,J03327,,Candy POP! ICED Blue Raspberry Hard Candy 100ml 6MG,,25,,0,,ea,$6.00,,$150.00,10/24/2019
4,J05723,,POP! Vapors Blue Lemonade 100ml 3MG,,25,,0,,ea,$6.00,,$150.00,10/24/2019
5,J04863,,Fruit POP! Blueberry Lemonade ICED 100ml 3MG,,50,,0,,ea,$6.00,,$300.00,10/24/2019
6,J04864,,Fruit POP! Blueberry Lemonade ICED 100ml 6MG,,10,,0,,ea,$6.00,,$60.00,10/24/2019
7,J03314,,Candy POP! Grape Chew Candy 100ml 3MG,,50,,0,,ea,$6.00,,$300.00,10/24/2019
8,J03315,,Candy POP! Grape Chew Candy 100ml 6MG,,10,,0,,ea,$6.00,,$60.00,10/24/2019
9,J03335,,Candy POP! ICED Grape Chew Candy 100ml 3MG,,25,,0,,ea,$6.00,,$150.00,10/24/2019
10,J04295,,Fruit POP! Juicy Mango Strawberry 100ml 3MG,,50,,0,,ea,$6.00,,$300.00,10/24/2019
11,J04298,,Fruit POP! Juicy Mango Strawberry ICED 100ml 3MG,,100,,0,,ea,$6.00,,$600.00,10/24/2019
12,J04299,,Fruit POP! Juicy Mango Strawberry ICED 100ml 6MG,,25,,0,,ea,$6.00,,$150.00,10/24/2019
13,J03317,,Candy POP! Peach Gummies 100ml 3MG,,50,,0,,ea,$6.00,,$300.00,10/24/2019
14,J03318,,Candy POP! Peach Gummies 100ml 6MG,,10,,0,,ea,$6.00,,$60.00,10/24/2019
15,J03332,,Candy POP! ICED Peach Gummies 100ml 3MG,,25,,0,,ea,$6.00,,$150.00,10/24/2019
16,J03320,,Candy POP! Strawberry Watermelon Hard Candy 100ml 3MG,,100,,0,,ea,$6.00,,$600.00,10/24/2019
17,J03321,,Candy POP! Strawberry Watermelon Hard Candy 100ml 6MG,,50,,0,,ea,$6.00,,$300.00,10/24/2019
Purchase Order #,,Vendor Name,,Status,,Issue Date,,Date Completed,,,Payment Terms,,Total Cost
#,Part Number,,Part Name,,Ordered,,Received,,UOM,Unit Cost,,Total Cost,Date Scheduled
18,J03329,,Candy POP! ICED Strawberry Watermelon Hard Candy 100ml 3MG,,100,,0,,ea,$6.00,,$600.00,10/24/2019
19,J03330,,Candy POP! ICED Strawberry Watermelon Hard Candy 100ml 6MG,,25,,0,,ea,$6.00,,$150.00,10/24/2019
20,J03322,,Candy POP! Sweet Mint Gum 100ml 0MG,,25,,0,,ea,$6.00,,$150.00,10/24/2019
21,J03323,,Candy POP! Sweet Mint Gum 100ml 3MG,,150,,0,,ea,$6.00,,$900.00,10/24/2019
22,J03324,,Candy POP! Sweet Mint Gum 100ml 6MG,,100,,0,,ea,$6.00,,$600.00,10/24/2019
23,J04959,,POP! Vapors Dream Tart 100ml 3MG,,50,,0,,ea,$6.00,,$300.00,10/24/2019
24,J05726,,POP! Vapors Dream Tart 100ml 6MG,,25,,0,,ea,$6.00,,$150.00,10/24/2019
25,J04961,,POP! Vapors Pink Burst 100ml 3MG,,50,,0,,ea,$6.00,,$300.00,10/24/2019
26,J04960,,POP! Vapors Neon 100ml 3MG,,50,,0,,ea,$6.00,,$300.00,10/24/2019
27,J05732,,POP! Vapors Strawberry Kiwi 100ml 3MG,,25,,0,,ea,$6.00,,$150.00,10/24/2019
28,J05735,,POP! Vapors Strawberry Kiwi ICE 100ml 3MG,,50,,0,,ea,$6.00,,$300.00,10/24/2019
29,J02892,,The Milkman Strudelhaus 60ml 3MG,,25,,0,,ea,$6.00,,$150.00,10/24/2019
30,J02893,,The Milkman Strudelhaus 60ml 6MG,,10,,0,,ea,$6.00,,$60.00,10/24/2019
31,J02895,,The Milkman Crumbleberry 60ml 3MG,,25,,0,,ea,$6.00,,$150.00,10/24/2019
32,J02896,,The Milkman Crumbleberry 60ml 6MG,,25,,0,,ea,$6.00,,$150.00,10/24/2019
33,J02907,,The Milkman Churrios 60ml 3MG,,50,,0,,ea,$6.00,,$300.00,10/24/2019
34,J02908,,The Milkman Churrios 60ml 6MG,,25,,0,,ea,$6.00,,$150.00,10/24/2019
35,J02910,,The Milkman The Milkman 60ml 3MG,,25,,0,,ea,$6.00,,$150.00,10/24/2019
36,J02911,,The Milkman The Milkman 60ml 6MG,,25,,0,,ea,$6.00,,$150.00,10/24/2019
37,J02913,,The Milkman Hazel 60ml 3MG,,10,,0,,ea,$6.00,,$60.00,10/24/2019
38,J02913,,The Milkman Hazel 60ml 3MG,,10,,0,,ea,$6.00,,$60.00,10/24/2019
39,J02914,,The Milkman Hazel 60ml 6MG,,10,,0,,ea,$6.00,,$60.00,10/24/2019
40,J03723,,The Milkman Strawberry Churrios 60ml 3MG,,25,,0,,ea,$6.00,,$150.00,10/24/2019
41,J03726,,The Millkman Vanilla Custard 60ml 3MG,,25,,0,,ea,$6.00,,$150.00,10/24/2019
42,J03727,,The Millkman Vanilla Custard 60ml 6MG,,10,,0,,ea,$6.00,,$60.00,10/24/2019
43,J02930,,The Milkman Salt Crumbleberry 30ml 40MG,,50,,0,,ea,$6.00,,$300.00,10/24/2019
44,J02931,,The Milkman Salt Pudding 30ml 40MG,,25,,0,,ea,$6.00,,$150.00,10/24/2019
45,J02932,,The Milkman Salt Churrios 30ml 40MG,,100,,0,,ea,$6.00,,$600.00,10/24/2019
46,J02933,,The Milkman Salt Sweet Mint 30ml 40MG,,50,,0,,ea,$6.00,,$300.00,10/24/2019
47,J02934,,The Milkman Salt The Milkman 30ml 40MG,,50,,0,,ea,$6.00,,$300.00,10/24/2019
48,J02935,,The Milkman Salt Strudelhaus 30ml 40MG,,25,,0,,ea,$6.00,,$150.00,10/24/2019
Purchase Order #,,Vendor Name,,Status,,Issue Date,,Date Completed,,,Payment Terms,,Total Cost
#,Part Number,,Part Name,,Ordered,,Received,,UOM,Unit Cost,,Total Cost,Date Scheduled
49,J02936,,The Milkman Salt Gold 30ml 40MG,,100,,0,,ea,$6.00,,$600.00,10/24/2019
50,J04865,,The Milkman Salt Peach ICE 30ml 40MG,,25,,0,,ea,$6.00,,$150.00,10/24/2019
51,J04866,,The Milkman Salt Mango ICE 30ml 40MG,,50,,0,,ea,$6.00,,$300.00,10/24/2019
52,J04867,,The Milkman Salt Strawberry ICE 30ml 40MG,,25,,0,,ea,$6.00,,$150.00,10/24/2019
53,J04880,,The Milkman Salt Watermelon ICE 30ml 40MG,,25,,0,,ea,$6.00,,$150.00,10/24/2019
54,J05718,,The Milkman Salts Mango 30ml 40MG,,25,,0,,ea,$6.00,,$150.00,10/24/2019
55,J05719,,The Milkman Salts Peach 30ml 40MG,,25,,0,,ea,$6.00,,$150.00,10/24/2019
56,J05720,,The Milkman Salts Strawberry 30ml 40MG,,25,,0,,ea,$6.00,,$150.00,10/24/2019
57,J05721,,The Milkman Salts Smooth 30ml 40MG,,25,,0,,ea,$6.00,,$150.00,10/24/2019
58,J02916,,The Milkman Delights Pixie Tarts 60ml 3MG,,25,,0,,ea,$6.00,,$150.00,10/24/2019
003091,,UVaper LLC,,Unissued,,,,,,,,,$540.00
1,H07559,,Sense Orbit TF Pod Device Kit Red,,20,,0,,ea,$9.00,,$180.00,10/24/2019
2,H07561,,Sense Orbit TF Pod Device Kit Light Blue,,20,,0,,ea,$9.00,,$180.00,10/24/2019
3,H07562,,Sense Orbit TF Pod Device Kit Green,,20,,0,,ea,$9.00,,$180.00,10/24/2019
003092,,LFNT Distribution (Beard Vape Co),,Unissued,,,,,,,,,"$47,809.75"
1,J01554,,Beard No. 24 120ml - 3mg,,40,,0,,ea,$8.00,,$320.00,10/24/2019
2,J00730,,Beard No. 24 120ml  - 6mg,,40,,0,,ea,$8.00,,$320.00,10/24/2019
3,J00726,,Beard No.32 120ml  - 0mg,,40,,0,,ea,$8.00,,$320.00,10/24/2019
4,J00727,,Beard No.32 120ml  - 3mg,,"1,615",,0,,ea,$8.00,,"$12,920.00",10/24/2019
5,J00728,,Beard No.32 120ml  - 6mg,,340,,0,,ea,$8.00,,"$2,720.00",10/24/2019
6,J00732,,Beard No. 71 120ml  - 3mg,,85,,0,,ea,$8.00,,$680.00,10/24/2019
7,J00733,,Beard No. 71 120ml  - 6mg,,40,,0,,ea,$8.00,,$320.00,10/24/2019
8,J01556,,Beard No. 64 120ml - 3mg,,40,,0,,ea,$8.00,,$320.00,10/24/2019
9,J03040,,Beard Vape Co No. 00 Cappuccino Tobacco 120ml 3MG,,40,,0,,ea,$8.00,,$320.00,10/24/2019
10,J03041,,Beard Vape Co No. 00 Cappuccino Tobacco 120ml 6MG,,40,,0,,ea,$8.00,,$320.00,10/24/2019
11,J00722,,Beard No. 71 60mL - 3mg,,60,,0,,ea,$5.00,,$300.00,10/24/2019
12,J00723,,Beard No. 71 60mL - 6mg,,30,,0,,ea,$5.00,,$150.00,10/24/2019
13,J00433,,Beard No. 05 60ml - 6mg,,30,,0,,ea,$5.00,,$150.00,10/24/2019
14,J00592,,Beard No. 32 60ml - 0mg,,15,,0,,ea,$5.00,,$75.00,10/24/2019
15,J00593,,Beard No. 32 60ml - 3mg,,242,,0,,ea,$5.00,,"$1,210.00",10/24/2019
16,J00594,,Beard No. 32 60ml - 6mg,,121,,0,,ea,$5.00,,$605.00,10/24/2019
Purchase Order #,,Vendor Name,,Status,,Issue Date,,Date Completed,,,Payment Terms,,Total Cost
#,Part Number,,Part Name,,Ordered,,Received,,UOM,Unit Cost,,Total Cost,Date Scheduled
17,J00590,,Beard No. 24 Salted Caramel Malt 60ml - 3mg,,30,,0,,ea,$5.00,,$150.00,10/24/2019
18,J00591,,Beard No. 24 Salted Caramel Malt 60ml - 6mg,,15,,0,,ea,$5.00,,$75.00,10/24/2019
19,J01755,,Beard Vape No. 00 60ml -3mg,,30,,0,,ea,$5.00,,$150.00,10/24/2019
20,J01756,,Beard Vape No. 00 60ml -6mg,,30,,0,,ea,$5.00,,$150.00,10/24/2019
21,J00718,,Beard The One 100mL - 0mg,,85,,0,,ea,$5.99,,$509.15,10/24/2019
22,J00719,,Beard The One 100mL - 3mg,,"1,360",,0,,ea,$5.99,,"$8,146.40",10/24/2019
23,J00720,,Beard The One 100mL - 6mg,,340,,0,,ea,$5.99,,"$2,036.60",10/24/2019
24,J00741,,Beard The One Lemon 100mL - 3mg,,255,,0,,ea,$5.99,,"$1,527.45",10/24/2019
25,J00742,,Beard The One Lemon 100mL - 6mg,,40,,0,,ea,$5.99,,$239.60,10/24/2019
26,J02451,,The One Blueberry 100ml 0MG,,40,,0,,ea,$5.99,,$239.60,10/24/2019
27,J02452,,The One Blueberry 100ml 3MG,,170,,0,,ea,$5.99,,"$1,018.30",10/24/2019
28,J02453,,The One Blueberry 100ml 6MG,,170,,0,,ea,$5.99,,"$1,018.30",10/24/2019
29,J03623,,Beard The One Apple 100ml 0MG,,40,,0,,ea,$5.99,,$239.60,10/24/2019
30,J03624,,Beard The One Apple 100ml 3MG,,255,,0,,ea,$5.99,,"$1,527.45",10/24/2019
31,J03625,,Beard The One Apple 100ml 6MG,,40,,0,,ea,$5.99,,$239.60,10/24/2019
32,J05123,,Beard The One Marshmallow Milk 100ml 0MG,,40,,0,,ea,$5.99,,$239.60,10/24/2019
33,J05124,,Beard The One Marshmallow Milk 100ml 3MG,,"1,020",,0,,ea,$5.99,,"$6,109.80",10/24/2019
34,J05125,,Beard The One Marshmallow Milk 100ml 6MG,,170,,0,,ea,$5.99,,"$1,018.30",10/24/2019
35,J02260,,Beard Vape Co No. 00 Salts 30ml 50mg,,25,,0,,ea,$5.00,,$125.00,10/24/2019
36,J02680,,Beard Vape Co No. 00 Salts 30ml 30mg,,50,,0,,ea,$5.00,,$250.00,10/24/2019
37,J02220,,Beard Vape Co No. 5 Salts 30ml 50mg,,25,,0,,ea,$5.00,,$125.00,10/24/2019
38,J02684,,Beard Vape Co No. 5 Salts 30ml 30mg,,50,,0,,ea,$5.00,,$250.00,10/24/2019
39,J02683,,Beard Vape Co No. 42 Salts 30ml 30mg,,25,,0,,ea,$5.00,,$125.00,10/24/2019
40,J02222,,Beard Vape Co No. 32 Salts 30ml 50mg,,50,,0,,ea,$5.00,,$250.00,10/24/2019
41,J02682,,Beard Vape Co No. 32 Salts 30ml 30mg,,150,,0,,ea,$5.00,,$750.00,10/24/2019
42,J02223,,Beard Vape Co No. 71 Salts 30ml 50mg,,25,,0,,ea,$5.00,,$125.00,10/24/2019
43,J02681,,Beard Vape Co No. 71 Salts 30ml 30mg,,25,,0,,ea,$5.00,,$125.00,10/24/2019
028189,,Cosmic Fog Vapors,,Unissued,,,,,,,,,$412.50
1,J00444,,Liquid State Apple Butter 60mL - 3mg,,50,,0,,ea,$5.50,,$275.00,10/23/2019
2,J00445,,Liquid State Apple Butter 60mL - 6mg,,25,,0,,ea,$5.50,,$137.50,10/23/2019
114675,,LA Vapor_v,,Unissued,,,,,,,,,"$9,160.00"
1,H05889,,SMOK SLM Kit Black,,100,,0,,ea,$4.00,,$400.00,10/17/2019
Purchase Order #,,Vendor Name,,Status,,Issue Date,,Date Completed,,,Payment Terms,,Total Cost
#,Part Number,,Part Name,,Ordered,,Received,,UOM,Unit Cost,,Total Cost,Date Scheduled
2,H05890,,SMOK SLM Kit Blue,,100,,0,,ea,$4.00,,$400.00,10/17/2019
3,H02161,,Smok Stick V8 Kit - Black,,20,,0,,ea,$20.50,,$410.00,10/17/2019
4,H01801,,Smok Stick V8 - Blue,,10,,0,,ea,$20.50,,$205.00,10/17/2019
5,H01285,,Suorin Drop Starter Kit - Gunmetal,,30,,0,,ea,$12.00,,$360.00,10/17/2019
6,H01283,,Suorin Drop Starter Kit - Red,,20,,0,,ea,$12.00,,$240.00,10/17/2019
7,H03350,,Suorin Drop Starter Kit - White,,30,,0,,ea,$12.00,,$360.00,10/17/2019
8,H01286,,Suorin Drop Starter Kit - Yellow,,30,,0,,ea,$12.00,,$360.00,10/17/2019
9,H06127,,SMOK MICO Kit Black,,100,,0,,ea,$7.00,,$700.00,10/17/2019
10,H06129,,SMOK MICO Kit Prism Blue,,30,,0,,ea,$7.00,,$210.00,10/17/2019
11,H06132,,SMOK MICO Kit Green,,20,,0,,ea,$7.00,,$140.00,10/17/2019
12,H06130,,SMOK MICO Kit Prism Gold,,10,,0,,ea,$7.00,,$70.00,10/17/2019
13,H05494,,SMOK Nord V1 Pod Device Kit Black White,,100,,0,,ea,$13.50,,"$1,350.00",10/17/2019
14,H06251,,SMOK Nord Pod Device Black White Resin,,200,,0,,ea,$13.50,,"$2,700.00",10/17/2019
15,H05493,,SMOK Nord V1 Pod Device Kit Prism Rainbow,,80,,0,,ea,$13.50,,"$1,080.00",10/17/2019
16,H03011,,Shipping,,1,,0,,ea,$175.00,,$175.00,10/17/2019
114691,,LA Vapor_v,,Unissued,,,,,,,,,$748.00
1,H05328,,SMOK TFV8 Baby V2 S2 0.15ohm (Pack of 3),,100,,0,,ea,$6.15,,$615.00,10/16/2019
2,H07148,,SMOK TFV8/TFV12 Baby Bulb Replacement Glass #4 (Pack of 3),,30,,0,,ea,$2.85,,$85.50,10/16/2019
3,H06231,,SMOK Stick V9 Max Bulb Replacement Glass #8,,50,,0,,ea,$0.95,,$47.50,10/16/2019
114994,,LA Vapor_v,,Unissued,,,,,,,,,"$2,624.50"
1,H00163,,Smok TFV8 Baby V8-Q2 Coil 0.6Ohm (Pack of 5),,100,,0,,ea,$6.50,,$650.00,10/21/2019
2,H03519,,SMOK Big Baby V8-Q4 Coil 5 Pack,,100,,0,,ea,$5.93,,$593.00,10/21/2019
3,H00183,,Smok TFV8 Baby V8-M2 Coil 0.25Ohm (Pack of 5),,200,,0,,ea,$6.75,,"$1,350.00",10/21/2019
4,H03011,,Shipping,,1,,0,,ea,$31.50,,$31.50,10/21/2019
115050,,LA Vapor_v,,Unissued,,,,,,,,,"$6,492.50"
1,H04091,,Smok Novo Kit Prism Chrome and Green Cobra,,100,,0,,ea,$8.00,,$800.00,10/22/2019
2,H04099,,Smok Novo Kit Prism Chrome and Pink Cobra,,100,,0,,ea,$8.00,,$800.00,10/22/2019
3,H07632,,SMOK A-Priv Mod Purple,,50,,0,,ea,$14.50,,$725.00,10/22/2019
4,H07634,,SMOK A-Priv Mod Prism Gunmetal,,20,,0,,ea,$14.50,,$290.00,10/22/2019
5,H07635,,SMOK A-Priv Mod Prism Rainbow,,50,,0,,ea,$14.50,,$725.00,10/22/2019
6,H07636,,SMOK A-Priv Mod Red,,20,,0,,ea,$14.50,,$290.00,10/22/2019
7,H07637,,SMOK A-Priv Mod Auto Pink,,30,,0,,ea,$14.50,,$435.00,10/22/2019
Purchase Order #,,Vendor Name,,Status,,Issue Date,,Date Completed,,,Payment Terms,,Total Cost
#,Part Number,,Part Name,,Ordered,,Received,,UOM,Unit Cost,,Total Cost,Date Scheduled
8,H07638,,SMOK A-Priv Mod Black Prism,,20,,0,,ea,$14.50,,$290.00,10/22/2019
9,H07625,,SMOK T-Storm Mod White Black,,20,,0,,ea,$14.50,,$290.00,10/22/2019
10,H07628,,SMOK T-Storm Mod 7-Color Black,,50,,0,,ea,$14.50,,$725.00,10/22/2019
11,H07822,,SMOK D-Barrel Mod Prism Blue,,50,,0,,ea,$14.50,,$725.00,10/22/2019
12,H07823,,SMOK D-Barrel Mod Red,,20,,0,,ea,$14.50,,$290.00,10/22/2019
13,H03011,,Shipping,,1,,0,,ea,$107.50,,$107.50,10/22/2019
115169,,LA Vapor_v,,Unissued,,,,,,,,,"$1,725.50"
1,H07941,,SMOK Fetch Mini Pod Device Kit Black,,10,,0,,ea,$23.25,,$232.50,10/22/2019
2,H07942,,SMOK Fetch Mini Pod Device Kit Green,,5,,0,,ea,$23.25,,$116.25,10/22/2019
3,H07943,,SMOK Fetch Mini Pod Device Kit Orange,,50,,0,,ea,$23.25,,"$1,162.50",10/22/2019
4,H07945,,SMOK Fetch Mini Pod Device Kit Dark Brown,,5,,0,,ea,$23.25,,$116.25,10/22/2019
5,H07946,,Smok Fetch Nord Cartridge (Pack of 2),,50,,0,,ea,$1.60,,$80.00,10/22/2019
6,H03011,,Shipping,,1,,0,,ea,$18.00,,$18.00,10/22/2019
115218,,LA Vapor_v,,Unissued,,,,,,,,,"$4,558.16"
1,H02964,,Horizon Falcon Coil M1 3 Pack,,50,,0,,ea,$5.85,,$292.50,10/23/2019
2,H03778,,Horizon Falcon Coil M2 0.16ohm 3 Pack,,50,,0,,ea,$5.85,,$292.50,10/23/2019
3,H06084,,Horizon falcon  M1+ Coil 0.16ohm (Pack of 3),,100,,0,,ea,$5.85,,$585.00,10/23/2019
4,H06145,,Uwell Caliburn Pod Device Black,,150,,0,,ea,$15.00,,"$2,250.00",10/23/2019
5,H01300,,Infinix Kit - Gunmetal,,50,,0,,ea,$6.50,,$325.00,10/23/2019
6,H01301,,Infinix Kit - Blue,,50,,0,,ea,$6.50,,$325.00,10/23/2019
7,H06085,,Horizon M-Dual Coil 0.38ohm (Pack of 3),,50,,0,,ea,$9.00,,$450.00,10/23/2019
8,H03011,,Shipping,,1,,0,,ea,$38.16,,$38.16,10/23/2019
127127,,Vape CO,,Unissued,,,,,,,,,"$4,070.64"
1,J01725,,Mad Hatter I Love Salts Fruity Cereal 30ml 25mg,,12,,0,,ea,$5.25,,$63.00,10/22/2019
2,J01726,,Mad Hatter I Love Salts Fruity Cereal 30ml 50mg,,30,,0,,ea,$5.25,,$157.50,10/22/2019
3,J01727,,Mad Hatter I Love Salts Grappleberry 30ml 25mg,,36,,0,,ea,$5.25,,$189.00,10/22/2019
4,J01728,,Mad Hatter I Love Salts Grappleberry 30ml 50mg,,30,,0,,ea,$5.25,,$157.50,10/22/2019
5,J01729,,Mad Hatter I Love Salts Juicy Apples 30ml 25mg,,30,,0,,ea,$5.25,,$157.50,10/22/2019
6,J01730,,Mad Hatter I Love Salts Juicy Apples 30ml 50mg,,12,,0,,ea,$5.25,,$63.00,10/22/2019
7,J01731,,Mad Hatter I Love Salts Spearmint Gum 30ml 25mg,,120,,0,,ea,$5.25,,$630.00,10/22/2019
8,J01732,,Mad Hatter I Love Salts Spearmint Gum 30ml 50mg,,90,,0,,ea,$5.25,,$472.50,10/22/2019
Purchase Order #,,Vendor Name,,Status,,Issue Date,,Date Completed,,,Payment Terms,,Total Cost
#,Part Number,,Part Name,,Ordered,,Received,,UOM,Unit Cost,,Total Cost,Date Scheduled
9,J01733,,Mad Hatter I Love Salts Strawberry Candy 30ml 25mg,,30,,0,,ea,$5.25,,$157.50,10/22/2019
10,J01734,,Mad Hatter I Love Salts Strawberry Candy 30ml 50mg,,24,,0,,ea,$5.25,,$126.00,10/22/2019
11,J01735,,Mad Hatter I Love Salts Sweet Tobacco 30ml 25mg,,72,,0,,ea,$5.25,,$378.00,10/22/2019
12,J01736,,Mad Hatter I Love Salts Sweet Tobacco 30ml 50mg,,42,,0,,ea,$5.25,,$220.50,10/22/2019
13,J02735,,Mad Hatter I Love Salts Blue Raspberry 30ml 25MG,,30,,0,,ea,$5.25,,$157.50,10/22/2019
14,J02736,,Mad Hatter I Love Salts Blue Raspberry 30ml 50MG,,36,,0,,ea,$5.25,,$189.00,10/22/2019
15,J02737,,Mad Hatter I Love Salts Tropic Mango 30ml 25MG,,12,,0,,ea,$5.25,,$63.00,10/22/2019
16,J03245,,Mad Hatter I Love Salts Luau Lemonade 30ml 25MG,,12,,0,,ea,$5.25,,$63.00,10/22/2019
17,J03246,,Mad Hatter I Love Salts Luau Lemonade 30ml 50MG,,18,,0,,ea,$5.25,,$94.50,10/22/2019
18,J03247,,Mad Hatter I Love Salts Pacific Passion 30ml 25MG,,30,,0,,ea,$5.25,,$157.50,10/22/2019
19,J03248,,Mad Hatter I Love Salts Pacific Passion 30ml 50MG,,18,,0,,ea,$5.25,,$94.50,10/22/2019
20,J03894,,Mad Hatter I Love Salts Classic Menthol 30ml 25MG,,30,,0,,ea,$5.25,,$157.50,10/22/2019
21,J03895,,Mad Hatter I Love Salts Classic Menthol 30ml 50MG,,30,,0,,ea,$5.25,,$157.50,10/22/2019
22,J04155,,Mad Hatter I Love Salts Blue Raspberry ICE 30ml 50MG,,24,,0,,ea,$5.25,,$126.00,10/22/2019
23,H03011,,Shipping,,1,,0,,ea,$38.64,,$38.64,10/22/2019
16239,,Chubby Gorilla,,Unissued,,,,,,,,,$243.00
1,J01392,,Chubby Gorilla Unicorn Bottle 120ml Clear (V3),,800,,0,,ea,$0.25,,$200.00,10/15/2019
2,H03011,,Shipping,,1,,0,,ea,$43.00,,$43.00,10/15/2019
1637696000007702102,,Villain Vapors,,Unissued,,,,,,,,,"$6,650.00"
1,J05827,,VILLAIN VAPORS BONNIE & CLYDE 120ml 0mg,,10,,0,,ea,$10.00,,$100.00,10/21/2019
2,J05828,,VILLAIN VAPORS BONNIE & CLYDE 120ml 3mg,,50,,0,,ea,$10.00,,$500.00,10/21/2019
3,J05829,,VILLAIN VAPORS BONNIE & CLYDE 120ml 6mg,,25,,0,,ea,$10.00,,$250.00,10/21/2019
4,J05830,,VILLAIN VAPORS BONNIE & CLYDE 120ml 12mg,,10,,0,,ea,$10.00,,$100.00,10/21/2019
5,J05831,,VILLAIN VAPORS DILLINGER 120ml 0mg,,10,,0,,ea,$10.00,,$100.00,10/21/2019
6,J05832,,VILLAIN VAPORS DILLINGER 120ml 3mg,,50,,0,,ea,$10.00,,$500.00,10/21/2019
7,J05833,,VILLAIN VAPORS DILLINGER 120ml 6mg,,25,,0,,ea,$10.00,,$250.00,10/21/2019
Purchase Order #,,Vendor Name,,Status,,Issue Date,,Date Completed,,,Payment Terms,,Total Cost
#,Part Number,,Part Name,,Ordered,,Received,,UOM,Unit Cost,,Total Cost,Date Scheduled
8,J05834,,VILLAIN VAPORS DILLINGER 120ml 12mg,,10,,0,,ea,$10.00,,$100.00,10/21/2019
9,J05835,,VILLAIN VAPORS CAPONE 120ml 0mg,,10,,0,,ea,$10.00,,$100.00,10/21/2019
10,J05836,,VILLAIN VAPORS CAPONE 120ml 3mg,,50,,0,,ea,$10.00,,$500.00,10/21/2019
11,J05837,,VILLAIN VAPORS CAPONE 120ml 6mg,,25,,0,,ea,$10.00,,$250.00,10/21/2019
12,J05838,,VILLAIN VAPORS CAPONE 120ml 12mg,,10,,0,,ea,$10.00,,$100.00,10/21/2019
13,J05839,,VILLAIN VAPORS QUEEN OF HEARTS 120ml 0mg,,10,,0,,ea,$10.00,,$100.00,10/21/2019
14,J05840,,VILLAIN VAPORS QUEEN OF HEARTS 120ml 3mg,,50,,0,,ea,$10.00,,$500.00,10/21/2019
15,J05841,,VILLAIN VAPORS QUEEN OF HEARTS 120ml 6mg,,25,,0,,ea,$10.00,,$250.00,10/21/2019
16,J05842,,VILLAIN VAPORS QUEEN OF HEARTS 120ml 12mg,,10,,0,,ea,$10.00,,$100.00,10/21/2019
17,J05843,,VILLAIN VAPORS DOC HOLLIDAY 120ml 0mg,,10,,0,,ea,$10.00,,$100.00,10/21/2019
18,J05844,,VILLAIN VAPORS DOC HOLLIDAY 120ml 3mg,,50,,0,,ea,$10.00,,$500.00,10/21/2019
19,J05845,,VILLAIN VAPORS DOC HOLLIDAY 120ml 6mg,,25,,0,,ea,$10.00,,$250.00,10/21/2019
20,J05846,,VILLAIN VAPORS DOC HOLLIDAY 120ml 12mg,,10,,0,,ea,$10.00,,$100.00,10/21/2019
21,J05847,,VILLAIN VAPORS PAIR OF DEUCES 120ml 0mg,,10,,0,,ea,$10.00,,$100.00,10/21/2019
22,J05848,,VILLAIN VAPORS PAIR OF DEUCES 120ml 3mg,,50,,0,,ea,$10.00,,$500.00,10/21/2019
23,J05849,,VILLAIN VAPORS PAIR OF DEUCES 120ml 6mg,,25,,0,,ea,$10.00,,$250.00,10/21/2019
24,J05850,,VILLAIN VAPORS PAIR OF DEUCES 120ml 12mg,,10,,0,,ea,$10.00,,$100.00,10/21/2019
25,J05851,,VILLAIN VAPORS TOMBSTONE 120ml 0mg,,10,,0,,ea,$10.00,,$100.00,10/21/2019
26,J05852,,VILLAIN VAPORS TOMBSTONE 120ml 3mg,,50,,0,,ea,$10.00,,$500.00,10/21/2019
27,J05853,,VILLAIN VAPORS TOMBSTONE 120ml 6mg,,25,,0,,ea,$10.00,,$250.00,10/21/2019
28,J05854,,VILLAIN VAPORS TOMBSTONE 120ml 12mg,,10,,0,,ea,$10.00,,$100.00,10/21/2019
191021-02,,Infeeling USA,,Unissued,,,,,,,,,"$16,157.60"
1,H07516,,The Pod IQS Mesh Pod Compatible with Orion Q 0.8ohm (Pack of 2),,"2,000",,0,,ea,$4.00,,"$8,000.00",10/21/2019
2,H07517,,The Pod IQS Mesh Pod Compatible with Orion DNA 0.3ohm (Pack of 2),,"2,000",,0,,ea,$4.00,,"$8,000.00",10/21/2019
3,H03011,,Shipping,,1,,0,,ea,$157.60,,$157.60,10/21/2019
19734,,Marina Vape,,Unissued,,,,,,,,,"$7,550.00"
1,J01008,,Aqua Original Pure 60ml 0MG,,25,,0,,ea,$5.00,,$125.00,10/22/2019
2,J01009,,Aqua Original Pure 60ml 3MG,,300,,0,,ea,$5.00,,"$1,500.00",10/22/2019
3,J01010,,Aqua Original Pure 60ml 6MG,,150,,0,,ea,$5.00,,$750.00,10/22/2019
4,J00203,,Aqua Menthol Pure 60ml 0MG,,25,,0,,ea,$5.00,,$125.00,10/22/2019
5,J00204,,Aqua Menthol Pure 60ml 3MG,,100,,0,,ea,$5.00,,$500.00,10/22/2019
Purchase Order #,,Vendor Name,,Status,,Issue Date,,Date Completed,,,Payment Terms,,Total Cost
#,Part Number,,Part Name,,Ordered,,Received,,UOM,Unit Cost,,Total Cost,Date Scheduled
6,J00244,,Aqua Menthol Pure 60ml 6MG,,50,,0,,ea,$5.00,,$250.00,10/22/2019
7,J01012,,Aqua Original Mist 60ml 3MG,,50,,0,,ea,$5.00,,$250.00,10/22/2019
8,J00199,,Aqua Menthol Mist 60ml 6MG,,50,,0,,ea,$5.00,,$250.00,10/22/2019
9,J01014,,Aqua Original Oasis 60ml 0MG,,25,,0,,ea,$5.00,,$125.00,10/22/2019
10,J01015,,Aqua Original Oasis 60ml 3MG,,50,,0,,ea,$5.00,,$250.00,10/22/2019
11,J00201,,Aqua Menthol Oasis 60ml 3MG,,50,,0,,ea,$5.00,,$250.00,10/22/2019
12,J00202,,Aqua Menthol Oasis 60ml 6MG,,50,,0,,ea,$5.00,,$250.00,10/22/2019
13,J01017,,Aqua Original Flow 60ml 0MG,,10,,0,,ea,$5.00,,$50.00,10/22/2019
14,J01018,,Aqua Original Flow 60ml 3MG,,50,,0,,ea,$5.00,,$250.00,10/22/2019
15,J01652,,Aqua Fresh Drops (Previously Rainbow Drops) 60ml 0MG,,25,,0,,ea,$5.00,,$125.00,10/22/2019
16,J01653,,Aqua Fresh Drops (Previously Rainbow Drops) 60ml 3MG,,50,,0,,ea,$5.00,,$250.00,10/22/2019
17,J01654,,Aqua Fresh Drops (Previously Rainbow Drops) 60ml 6MG,,50,,0,,ea,$5.00,,$250.00,10/22/2019
18,J03486,,Aqua Fresh Swell (Previously Sour Melon) 60ml 0MG,,10,,0,,ea,$5.00,,$50.00,10/22/2019
19,J03487,,Aqua Fresh Swell (Previously Sour Melon) 60ml 3MG,,100,,0,,ea,$5.00,,$500.00,10/22/2019
20,J03684,,Aqua Fresh Rush 60ml 6MG (Previously Blue Razz),,50,,0,,ea,$5.00,,$250.00,10/22/2019
21,J00997,,Alternative Beta 100ml - 3mg,,50,,0,,ea,$6.00,,$300.00,10/22/2019
22,J00998,,Alternative Beta 100ml - 6mg,,50,,0,,ea,$6.00,,$300.00,10/22/2019
23,J01000,,Alternative Delta 100ml - 3mg,,50,,0,,ea,$6.00,,$300.00,10/22/2019
24,J01006,,Alternative Omega 100ml - 3mg,,50,,0,,ea,$6.00,,$300.00,10/22/2019
20191022-A30-01,,Flamingo Technology Limited,,Unissued,,,,,,,,,"$135,630.70"
1,H06145,,Uwell Caliburn Pod Device Black,,"2,000",,0,,ea,$13.90,,"$27,800.00",10/22/2019
2,H06147,,Uwell Caliburn Pod Device Pink,,"1,000",,0,,ea,$13.90,,"$13,900.00",10/22/2019
3,H06148,,Uwell Caliburn Pod Device Red,,"1,000",,0,,ea,$13.90,,"$13,900.00",10/22/2019
4,H06149,,Uwell Caliburn Pod Device Blue,,"1,000",,0,,ea,$13.90,,"$13,900.00",10/22/2019
5,H06150,,Uwell Caliburn Pod Device Grey,,"1,500",,0,,ea,$13.90,,"$20,850.00",10/22/2019
6,H06393,,Uwell Caliburn Pod 1.4ohm (Pack of 4),,"6,000",,0,,ea,$6.41,,"$38,460.00",10/22/2019
7,H07990,,SMOK MAG P3 Kit Red Black,,150,,0,,ea,$43.34,,"$6,501.00",10/22/2019
8,H07946,,Smok Fetch Nord Cartridge (Pack of 2),,230,,0,,ea,$1.39,,$319.70,10/22/2019
Purchase Order #,,Vendor Name,,Status,,Issue Date,,Date Completed,,,Payment Terms,,Total Cost
#,Part Number,,Part Name,,Ordered,,Received,,UOM,Unit Cost,,Total Cost,Date Scheduled
20191024-A30-01,,Flamingo Technology Limited,,Unissued,,,,,,,,,"$73,400.77"
1,H07941,,SMOK Fetch Mini Pod Device Kit Black,,50,,0,,ea,$20.12,,"$1,006.00",10/24/2019
2,H07945,,SMOK Fetch Mini Pod Device Kit Dark Brown,,50,,0,,ea,$20.12,,"$1,006.00",10/24/2019
3,H07943,,SMOK Fetch Mini Pod Device Kit Orange,,50,,0,,ea,$20.12,,"$1,006.00",10/24/2019
4,H07942,,SMOK Fetch Mini Pod Device Kit Green,,50,,0,,ea,$20.12,,"$1,006.00",10/24/2019
5,H03800,,FreeMax Mesh Pro Kanthal Single Mesh Coil 3 Pack 0.15ohm,,"1,000",,0,,ea,$4.39,,"$4,390.00",10/24/2019
6,H06781,,Freemax TX1 Mesh Coil 0.15ohm (Pack of 5),,400,,0,,ea,$6.74,,"$2,696.00",10/24/2019
7,H04252,,Freemax Mesh Pro Tank Metal Rainbow,,50,,0,,ea,$13.38,,$669.00,10/24/2019
8,H04254,,Freemax Mesh Pro Tank Metal Stainless Steel,,50,,0,,ea,$12.84,,$642.00,10/24/2019
9,J04553,,Freemax Fireluke 2 Replacement Bubble Glass 5mL,,200,,0,,ea,$0.96,,$192.00,10/24/2019
10,H07844,,Geekvape Aegis X Kit Gunmetal Camo,,380,,0,,ea,$41.73,,"$15,857.40",10/24/2019
11,H07849,,Geekvape Aegis X Kit Rainbow Black,,604,,0,,ea,$41.73,,"$25,204.92",10/24/2019
12,H01429,,Geekvape Aegis Mod - Gunmetal Camo,,101,,0,,ea,$32.10,,"$3,242.10",10/24/2019
13,H06781,,Freemax TX1 Mesh Coil 0.15ohm (Pack of 5),,"10,000",,0,,ea,$0.00,,$0.00,10/24/2019
14,H07845,,Geekvape Aegis X Kit Red Black,,395,,0,,ea,$41.73,,"$16,483.35",10/24/2019
222078,,SS Vape Brands,,Unissued,,,,,,,,,"$6,480.00"
1,J05787,,TOBACCO MONSTER Rich 30mlx2 0mg,,10,,0,,ea,$6.00,,$60.00,10/16/2019
2,J05788,,TOBACCO MONSTER Rich 30mlx2 3mg,,100,,0,,ea,$6.00,,$600.00,10/16/2019
3,J05789,,TOBACCO MONSTER Rich 30mlx2 6mg,,50,,0,,ea,$6.00,,$300.00,10/16/2019
4,J05790,,TOBACCO MONSTER Rich 30mlx2 12mg,,25,,0,,ea,$6.00,,$150.00,10/16/2019
5,J05796,,TOBACCO MONSTER Rich 30mlx2 18mg,,10,,0,,ea,$6.00,,$60.00,10/16/2019
6,J05791,,TOBACCO MONSTER Bold 30mlx2 0mg,,10,,0,,ea,$6.00,,$60.00,10/16/2019
7,J05792,,TOBACCO MONSTER Bold 30mlx2 3mg,,100,,0,,ea,$6.00,,$600.00,10/16/2019
8,J05793,,TOBACCO MONSTER Bold 30mlx2 6mg,,50,,0,,ea,$6.00,,$300.00,10/16/2019
9,J05794,,TOBACCO MONSTER Bold 30mlx2 12mg,,25,,0,,ea,$6.00,,$150.00,10/16/2019
10,J05795,,TOBACCO MONSTER Bold 30mlx2 18mg,,10,,0,,ea,$6.00,,$60.00,10/16/2019
11,J05797,,TOBACCO MONSTER Menthol 30mlx2 0mg,,10,,0,,ea,$6.00,,$60.00,10/16/2019
12,J05798,,TOBACCO MONSTER Menthol 30mlx2 3mg,,100,,0,,ea,$6.00,,$600.00,10/16/2019
13,J05799,,TOBACCO MONSTER Menthol 30mlx2 6mg,,50,,0,,ea,$6.00,,$300.00,10/16/2019
14,J05800,,TOBACCO MONSTER Menthol 30mlx2 12mg,,25,,0,,ea,$6.00,,$150.00,10/16/2019
15,J05801,,TOBACCO MONSTER Menthol 30mlx2 18mg,,10,,0,,ea,$6.00,,$60.00,10/16/2019
Purchase Order #,,Vendor Name,,Status,,Issue Date,,Date Completed,,,Payment Terms,,Total Cost
#,Part Number,,Part Name,,Ordered,,Received,,UOM,Unit Cost,,Total Cost,Date Scheduled
16,J05802,,TOBACCO MONSTER Smooth 30mlx2 0mg,,10,,0,,ea,$6.00,,$60.00,10/16/2019
17,J05803,,TOBACCO MONSTER Smooth 30mlx2 3mg,,100,,0,,ea,$6.00,,$600.00,10/16/2019
18,J05804,,TOBACCO MONSTER Smooth 30mlx2 6mg,,50,,0,,ea,$6.00,,$300.00,10/16/2019
19,J05805,,TOBACCO MONSTER Smooth 30mlx2 12mg,,25,,0,,ea,$6.00,,$150.00,10/16/2019
20,J05806,,TOBACCO MONSTER Smooth 30mlx2 18mg,,10,,0,,ea,$6.00,,$60.00,10/16/2019
21,J05807,,TOBACCO MONSTER Salt Bold 15mlx2 20mg,,25,,0,,ea,$6.00,,$150.00,10/16/2019
22,J05808,,TOBACCO MONSTER Salt Bold 15mlx2 40mg,,25,,0,,ea,$6.00,,$150.00,10/16/2019
23,J05809,,TOBACCO MONSTER Salt Bold 15mlx2 60mg,,25,,0,,ea,$6.00,,$150.00,10/16/2019
24,J05810,,TOBACCO MONSTER Salt Rich 15mlx2 20mg,,25,,0,,ea,$6.00,,$150.00,10/16/2019
25,J05811,,TOBACCO MONSTER Salt Rich 15mlx2 40mg,,25,,0,,ea,$6.00,,$150.00,10/16/2019
26,J05812,,TOBACCO MONSTER Salt Rich 15mlx2 60mg,,25,,0,,ea,$6.00,,$150.00,10/16/2019
27,J05813,,TOBACCO MONSTER Salt Menthol 15mlx2 20mg,,25,,0,,ea,$6.00,,$150.00,10/16/2019
28,J05814,,TOBACCO MONSTER Salt Menthol 15mlx2 40mg,,25,,0,,ea,$6.00,,$150.00,10/16/2019
29,J05815,,TOBACCO MONSTER Salt Menthol 15mlx2 60mg,,25,,0,,ea,$6.00,,$150.00,10/16/2019
30,J05816,,TOBACCO MONSTER Salt Smooth 15mlx2 20mg,,25,,0,,ea,$6.00,,$150.00,10/16/2019
31,J05817,,TOBACCO MONSTER Salt Smooth 15mlx2 40mg,,25,,0,,ea,$6.00,,$150.00,10/16/2019
32,J05818,,TOBACCO MONSTER Salt Smooth 15mlx2 60mg,,25,,0,,ea,$6.00,,$150.00,10/16/2019
222104,,SS Vape Brands,,Unissued,,,,,,,,,"$26,646.00"
1,J00033,,Jam Monster Strawberry 100ML 0MG,,49,,0,,ea,$6.50,,$318.50,10/22/2019
2,J00034,,Jam Monster Strawberry 100ML 3MG,,343,,0,,ea,$6.50,,"$2,229.50",10/22/2019
3,J00035,,Jam Monster Strawberry 100ML 6MG,,196,,0,,ea,$6.50,,"$1,274.00",10/22/2019
4,J00064,,Jam Monster BlueBerry 100ML 3MG,,196,,0,,ea,$6.50,,"$1,274.00",10/22/2019
5,J00065,,Jam Monster BlueBerry 100ML 6MG,,196,,0,,ea,$6.50,,"$1,274.00",10/22/2019
6,J00521,,Jam Monster Grape 100ML 0MG,,49,,0,,ea,$6.50,,$318.50,10/22/2019
7,J00522,,Jam Monster Grape 100ML 3MG,,147,,0,,ea,$6.50,,$955.50,10/22/2019
8,J00523,,Jam Monster Grape 100ML 6MG,,49,,0,,ea,$6.50,,$318.50,10/22/2019
9,J01947,,Jam Monster Black Berry 100mL - 0mg,,20,,0,,ea,$6.50,,$130.00,10/22/2019
10,J01948,,Jam Monster Black Berry 100mL - 3mg,,147,,0,,ea,$6.50,,$955.50,10/22/2019
11,J01949,,Jam Monster Black Berry 100mL - 6mg,,98,,0,,ea,$6.50,,$637.00,10/22/2019
12,J03374,,Jam Monster Raspberry LE 100ml 3MG,,490,,0,,ea,$6.50,,"$3,185.00",10/22/2019
13,J03375,,Jam Monster Raspberry LE 100ml 6MG,,98,,0,,ea,$6.50,,$637.00,10/22/2019
14,J03921,,Jam Monster Peanut Butter and Jam 100ml 0MG,,20,,0,,ea,$6.50,,$130.00,10/22/2019
Purchase Order #,,Vendor Name,,Status,,Issue Date,,Date Completed,,,Payment Terms,,Total Cost
#,Part Number,,Part Name,,Ordered,,Received,,UOM,Unit Cost,,Total Cost,Date Scheduled
15,J03922,,Jam Monster Peanut Butter and Jam 100ml 3MG,,343,,0,,ea,$6.50,,"$2,229.50",10/22/2019
16,J03923,,Jam Monster Peanut Butter and Jam 100ml 6MG,,98,,0,,ea,$6.50,,$637.00,10/22/2019
17,J04449,,Jam Monster Strawberry PB&J 100ml 0MG,,20,,0,,ea,$6.50,,$130.00,10/22/2019
18,J04450,,Jam Monster Strawberry PB&J 100ml 3MG,,98,,0,,ea,$6.50,,$637.00,10/22/2019
19,J00799,,Ice Jam Monster Mangerine Guava 100ML 3MG,,98,,0,,ea,$6.50,,$637.00,10/22/2019
20,J00803,,Ice Jam Monster Melon Colada 100ML 6MG,,49,,0,,ea,$6.50,,$318.50,10/22/2019
21,J03382,,Ice Monster Strawmelon Apple 100ml 6MG,,20,,0,,ea,$6.50,,$130.00,10/22/2019
22,J03376,,Jam Monster Salts Strawberry 30ml 24MG,,50,,0,,ea,$6.50,,$325.00,10/22/2019
23,J03377,,Jam Monster Salts Strawberry 30ml 48MG,,25,,0,,ea,$6.50,,$162.50,10/22/2019
24,J03378,,Jam Monster Salts Blueberry 30ml 24MG,,25,,0,,ea,$6.50,,$162.50,10/22/2019
25,J03379,,Jam Monster Salts Blueberry 30ml 48MG,,25,,0,,ea,$6.50,,$162.50,10/22/2019
26,J03802,,Jam Monster Salts Blackberry 30ml 24MG,,25,,0,,ea,$6.50,,$162.50,10/22/2019
27,J03803,,Jam Monster Salts Blackberry 30ml 48MG,,25,,0,,ea,$6.50,,$162.50,10/22/2019
28,J03800,,Jam Monster Salts Raspberry 30ml 24MG,,25,,0,,ea,$6.50,,$162.50,10/22/2019
29,J03924,,Jam Monster Salts Peanut Butter and Jam 30ml 24MG,,25,,0,,ea,$6.50,,$162.50,10/22/2019
30,J03925,,Jam Monster Salts Peanut Butter and Jam 30ml 48MG,,25,,0,,ea,$6.50,,$162.50,10/22/2019
31,J04452,,Jam Monster Salts Strawberry PB&J 30ml 24MG,,50,,0,,ea,$6.50,,$325.00,10/22/2019
32,J05338,,Jam Monster Salts Mixed Berry LE 30ml 24MG,,25,,0,,ea,$6.50,,$162.50,10/22/2019
33,J04894,,Fruit Monster Mango Peach Guava 100ml 3MG,,98,,0,,ea,$7.50,,$735.00,10/22/2019
34,J04895,,Fruit Monster Mango Peach Guava 100ml 6MG,,49,,0,,ea,$7.50,,$367.50,10/22/2019
35,J04887,,Fruit Monster Salts Blueberry Raspberry Lemon 30ml 24MG,,50,,0,,ea,$6.00,,$300.00,10/22/2019
36,J04889,,Fruit Monster Salts Strawberry Kiwi Pomegranate 30ml 24MG,,100,,0,,ea,$6.00,,$600.00,10/22/2019
37,J04896,,Fruit Monster Salts Mango Peach Guava 30ml 24MG,,100,,0,,ea,$6.00,,$600.00,10/22/2019
38,J00271,,Cream Team Neapolitan 100ML 3MG,,20,,0,,ea,$6.50,,$130.00,10/22/2019
39,J00268,,Cream Team Cinnaroll 100ML 3MG,,49,,0,,ea,$6.50,,$318.50,10/22/2019
40,J00269,,Cream Team Cinnaroll 100ML 6MG,,20,,0,,ea,$6.50,,$130.00,10/22/2019
41,J00274,,Cream Team Buttercream 100ML 3MG,,98,,0,,ea,$6.50,,$637.00,10/22/2019
42,J00275,,Cream Team Buttercream 100ML 6MG,,49,,0,,ea,$6.50,,$318.50,10/22/2019
43,J00283,,Custard Shoppe Butterscotch 100ML 3MG,,196,,0,,ea,$6.50,,"$1,274.00",10/22/2019
44,J00284,,Custard Shoppe Butterscotch 100ML 6MG,,98,,0,,ea,$6.50,,$637.00,10/22/2019
Purchase Order #,,Vendor Name,,Status,,Issue Date,,Date Completed,,,Payment Terms,,Total Cost
#,Part Number,,Part Name,,Ordered,,Received,,UOM,Unit Cost,,Total Cost,Date Scheduled
45,J03385,,Custard Shoppe Salts Butterscotch 30ml 24MG,,20,,0,,ea,$6.50,,$130.00,10/22/2019
46,J00034,,Jam Monster Strawberry 100ML 3MG,,220,,0,,ea,$0.00,,$0.00,10/22/2019
3000009092,,Vapetasia,,Unissued,,,,,,,,,"$3,500.00"
1,J00752,,Vapetasia Milk of the Poppy 100ML - 6MG,,200,,0,,ea,$7.00,,"$1,400.00",10/23/2019
2,J00089,,Vapetasia Killer Kustard 100ML - 6MG,,300,,0,,ea,$7.00,,"$2,100.00",10/23/2019
30813,,My Vape Order,,Unissued,,,,,,,,,"$22,340.00"
1,J00058,,Air Factory Strawberry Kiwi 100ML 3MG,,150,,0,,ea,$8.00,,"$1,200.00",10/22/2019
2,J00059,,Air Factory Strawberry Kiwi 100ML 6MG,,100,,0,,ea,$8.00,,$800.00,10/22/2019
3,J00010,,Air Factory Blue Razz 100ML 0MG,,50,,0,,ea,$8.00,,$400.00,10/22/2019
4,J00011,,Air Factory Blue Razz 100ML 3MG,,300,,0,,ea,$8.00,,"$2,400.00",10/22/2019
5,J00012,,Air Factory Blue Razz 100ML 6MG,,200,,0,,ea,$8.00,,"$1,600.00",10/22/2019
6,J00648,,Air Factory Mystery 100ML 3MG,,250,,0,,ea,$8.00,,"$2,000.00",10/22/2019
7,J00778,,Air Factory Wild Apple 100mL - 3mg,,200,,0,,ea,$8.00,,"$1,600.00",10/22/2019
8,J00779,,Air Factory Wild Apple 100mL - 6mg,,50,,0,,ea,$8.00,,$400.00,10/22/2019
9,J02689,,Air Factory Berry Rush 100ml Eliquid 0MG,,10,,0,,ea,$8.00,,$80.00,10/22/2019
10,J02690,,Air Factory Berry Rush 100ml Eliquid 3MG,,50,,0,,ea,$8.00,,$400.00,10/22/2019
11,J02691,,Air Factory Berry Rush 100ml Eliquid 6MG,,100,,0,,ea,$8.00,,$800.00,10/22/2019
12,J02693,,Air Factory Melon Lush 100ml Eliquid 3MG,,150,,0,,ea,$8.00,,"$1,200.00",10/22/2019
13,J02694,,Air Factory Melon Lush 100ml Eliquid 6MG,,25,,0,,ea,$8.00,,$200.00,10/22/2019
14,J00655,,Treat Factory Custard Craze 100mL - 0mg,,25,,0,,ea,$8.00,,$200.00,10/22/2019
15,J00656,,Treat Factory Custard Craze 100mL - 3mg,,150,,0,,ea,$8.00,,"$1,200.00",10/22/2019
16,J00657,,Treat Factory Custard Craze 100mL - 6mg,,100,,0,,ea,$8.00,,$800.00,10/22/2019
17,J00649,,Treat Factory Jaw Dropper 100mL - 0mg,,10,,0,,ea,$8.00,,$80.00,10/22/2019
18,J00650,,Treat Factory Jaw Dropper 100mL - 3mg,,150,,0,,ea,$8.00,,"$1,200.00",10/22/2019
19,J00651,,Treat Factory Jaw Dropper 100mL - 6mg,,50,,0,,ea,$8.00,,$400.00,10/22/2019
20,J00653,,Treat Factory Kookie Krunch 100mL - 3mg,,100,,0,,ea,$8.00,,$800.00,10/22/2019
21,J00654,,Treat Factory Kookie Krunch 100mL - 6mg,,50,,0,,ea,$8.00,,$400.00,10/22/2019
22,J03650,,Treat Factory Strawberry Crush 100ml 0MG,,10,,0,,ea,$8.00,,$80.00,10/22/2019
23,J03651,,Treat Factory Strawberry Crush 100ml 3MG,,50,,0,,ea,$8.00,,$400.00,10/22/2019
24,J03652,,Treat Factory Strawberry Crush 100ml 6MG,,50,,0,,ea,$8.00,,$400.00,10/22/2019
25,J02253,,Salt Factory Blue Razz 30ml 50MG,,50,,0,,ea,$6.00,,$300.00,10/22/2019
26,J02254,,Salt Factory Crisp Apple 30ml 35MG,,50,,0,,ea,$6.00,,$300.00,10/22/2019
Purchase Order #,,Vendor Name,,Status,,Issue Date,,Date Completed,,,Payment Terms,,Total Cost
#,Part Number,,Part Name,,Ordered,,Received,,UOM,Unit Cost,,Total Cost,Date Scheduled
27,J02258,,Salt Factory Mystery 30ml 35MG,,50,,0,,ea,$6.00,,$300.00,10/22/2019
28,J02259,,Salt Factory Mystery 30ml 50MG,,50,,0,,ea,$6.00,,$300.00,10/22/2019
29,J03718,,Air Factory Salts Limited Edition Mint 30ml 35MG,,50,,0,,ea,$6.00,,$300.00,10/22/2019
30,J03719,,Air Factory Salts Limited Edition Mint 30ml 50MG,,100,,0,,ea,$6.00,,$600.00,10/22/2019
31,J03720,,Air Factory Salts Melon Lush 30ml 35MG,,50,,0,,ea,$6.00,,$300.00,10/22/2019
32,J04930,,Salt Factory Tobacco 30ml 35MG,,10,,0,,ea,$6.00,,$60.00,10/22/2019
33,J04931,,Salt Factory Tobacco 30ml 50MG,,10,,0,,ea,$6.00,,$60.00,10/22/2019
34,J04932,,Salt Factory Mango 30ml 35MG,,10,,0,,ea,$6.00,,$60.00,10/22/2019
35,J01531,,Frost Factory Crisp Apple 100ML 3MG,,25,,0,,ea,$8.00,,$200.00,10/22/2019
36,J01532,,Frost Factory Crisp Apple 100ML 6MG,,10,,0,,ea,$8.00,,$80.00,10/22/2019
37,J01537,,Frost Factory Tropical Freeze 100ML 3MG,,25,,0,,ea,$8.00,,$200.00,10/22/2019
38,J01538,,Frost Factory Tropical Freeze 100ML 6MG,,10,,0,,ea,$8.00,,$80.00,10/22/2019
39,J05687,,Frost Factory Blue Razz ICE 100ml 6MG,,10,,0,,ea,$8.00,,$80.00,10/22/2019
40,J05690,,Frost Factory Melon Lush ICE 100ml 6MG,,10,,0,,ea,$8.00,,$80.00,10/22/2019
35321,,Bad Drip Labs,,Unissued,,,,,,,,,"$6,993.00"
1,H03710,,Bad Drip Salts Bad Blood 25MG,,25,,0,,ea,$5.25,,$131.25,10/07/2019
2,H03713,,Bad Drip Salts Cereal Trip 45MG,,25,,0,,ea,$5.25,,$131.25,10/07/2019
3,H03714,,Bad Drip Salts Don't Care Bear 25MG,,50,,0,,ea,$5.25,,$262.50,10/07/2019
4,H03715,,Bad Drip Salts Don't Care Bear 45MG,,25,,0,,ea,$5.25,,$131.25,10/07/2019
5,H03717,,Bad Drip Salts Farley's Gnarly Sauce 45MG,,10,,0,,ea,$5.25,,$52.50,10/07/2019
6,H03718,,Bad Drip Salts Ugly Butter 25MG,,25,,0,,ea,$5.25,,$131.25,10/07/2019
7,H03719,,Bad Drip Salts Ugly Butter 45MG,,25,,0,,ea,$5.25,,$131.25,10/07/2019
8,J05096,,Bad Drip Salts Bad Apple 30ml 25MG,,25,,0,,ea,$5.25,,$131.25,10/07/2019
9,J05097,,Bad Drip Salts Bad Apple 30ml 45MG,,25,,0,,ea,$5.25,,$131.25,10/07/2019
10,J01422,,Bad Drip-Don't Care Bear 60ml 3mg,,100,,0,,ea,$5.25,,$525.00,10/07/2019
11,J01423,,Bad Drip-Don't Care Bear 60ml 6mg,,56,,0,,ea,$5.25,,$294.00,10/07/2019
12,J01329,,Bad Drip-Farley's Gnarly Sauce 60ml 3mg,,100,,0,,ea,$5.25,,$525.00,10/07/2019
13,J01250,,Bad Drip-Farley's Gnarly Sauce 60ml 6mg,,25,,0,,ea,$5.25,,$131.25,10/07/2019
14,J01382,,Bad Drip-Cereal Trip 60ml 6mg,,25,,0,,ea,$5.25,,$131.25,10/07/2019
15,J01343,,Bad Drip-Bad Blood 60ml 3mg,,25,,0,,ea,$5.25,,$131.25,10/07/2019
16,J01357,,Bad Drip-Bad Blood 60ml 6mg,,25,,0,,ea,$5.25,,$131.25,10/07/2019
17,J02360,,Bad Drip God Nectar 60ml Eliquid 3MG,,200,,0,,ea,$5.25,,"$1,050.00",10/07/2019
Purchase Order #,,Vendor Name,,Status,,Issue Date,,Date Completed,,,Payment Terms,,Total Cost
#,Part Number,,Part Name,,Ordered,,Received,,UOM,Unit Cost,,Total Cost,Date Scheduled
18,J02361,,Bad Drip God Nectar 60ml Eliquid 6MG,,100,,0,,ea,$5.25,,$525.00,10/07/2019
19,J02727,,Bad Drip Farley's Gnarly Sauce ICED OUT 60ml 3MG,,25,,0,,ea,$5.25,,$131.25,10/07/2019
20,J02728,,Bad Drip Farley's Gnarly Sauce ICED OUT 60ml 6MG,,25,,0,,ea,$5.25,,$131.25,10/07/2019
21,J04200,,Bad Drip Dead Lemon 60ml 3MG,,56,,0,,ea,$5.25,,$294.00,10/07/2019
22,J04201,,Bad Drip Dead Lemon 60ml 6MG,,25,,0,,ea,$5.25,,$131.25,10/07/2019
23,J01971,,Clown Drooly 60ML 3MG,,25,,0,,ea,$5.25,,$131.25,10/07/2019
24,J01286,,Clown Pennywise 60ml 3MG,,90,,0,,ea,$5.25,,$472.50,10/07/2019
25,J02051,,Clown Pennywise Iced Out 60ml 3MG,,25,,0,,ea,$5.25,,$131.25,10/07/2019
26,J02052,,Clown Pennywise Iced Out 60ml 6MG,,25,,0,,ea,$5.25,,$131.25,10/07/2019
27,J01336,,Clown Sweet Tooth 60ml 6MG,,25,,0,,ea,$5.25,,$131.25,10/07/2019
28,J02583,,Director's Cut My Undead Girlfriend 60ml 3MG,,25,,0,,ea,$5.25,,$131.25,10/07/2019
29,J02589,,Director's Cut The Devil Inside 60ml 3MG,,25,,0,,ea,$5.25,,$131.25,10/07/2019
30,J02590,,Director's Cut The Devil Inside 60ml 6MG,,10,,0,,ea,$5.25,,$52.50,10/07/2019
31,J02592,,Director's Cut The Lost One 60ml 3MG,,25,,0,,ea,$5.25,,$131.25,10/07/2019
32,J02593,,Director's Cut The Lost One 60ml 6MG,,25,,0,,ea,$5.25,,$131.25,10/07/2019
33,J04074,,Director's Cut The Lost One Cold Blooded 60ml 6MG,,10,,0,,ea,$5.25,,$52.50,10/07/2019
35954,,LA Vaporz Wholesale,,Unissued,,,,,,,,,"$2,940.00"
1,H05497,,SMOK NORD 0.6ohm Mesh Coil (Pack of 5),,400,,0,,ea,$7.25,,"$2,900.00",10/21/2019
2,H03011,,Shipping,,1,,0,,ea,$40.00,,$40.00,10/21/2019
400767,,D&A Distribution,,Unissued,,,,,,,,,"$1,365.37"
1,H02549,,Nitecore D2 Charger,,100,,0,,ea,$9.75,,$975.00,10/22/2019
2,H02590,,Nitecore D4 Charger,,20,,0,,ea,$16.00,,$320.00,10/22/2019
3,H03011,,Shipping,,1,,0,,ea,$70.37,,$70.37,10/22/2019
4570,,Wick N Vape LLC,,Unissued,,,,,,,,,"$3,970.00"
1,H02751,,Cotton Bacon Prime,,"2,000",,0,,ea,$1.95,,"$3,900.00",10/23/2019
2,H03011,,Shipping,,1,,0,,ea,$70.00,,$70.00,10/23/2019
46036,,Propaganda E Liquid,,Unissued,,,,,,,,,"$8,256.00"
1,J02940,,Propaganda Salts Blue Slushee (Frost) 30ml 35MG,,96,,0,,ea,$5.50,,$528.00,10/18/2019
2,J02941,,Propaganda Salts Blue Slushee (Frost) 30ml 50MG,,32,,0,,ea,$5.50,,$176.00,10/18/2019
3,J02942,,Propaganda Salts Cookie Butter 30ml 35MG,,64,,0,,ea,$5.50,,$352.00,10/18/2019
Purchase Order #,,Vendor Name,,Status,,Issue Date,,Date Completed,,,Payment Terms,,Total Cost
#,Part Number,,Part Name,,Ordered,,Received,,UOM,Unit Cost,,Total Cost,Date Scheduled
4,J02943,,Propaganda Salts Cookie Butter 30ml 50MG,,32,,0,,ea,$5.50,,$176.00,10/18/2019
5,J02944,,Propaganda Salts Illuminati 30ml 35MG,,32,,0,,ea,$5.50,,$176.00,10/18/2019
6,J02945,,Propaganda Salts Illuminati 30ml 50MG,,32,,0,,ea,$5.50,,$176.00,10/18/2019
7,J02946,,Propaganda Salts Wild Fire 30ml 35MG,,32,,0,,ea,$5.50,,$176.00,10/18/2019
8,J02947,,Propaganda Salts Wild Fire 30ml 50MG,,32,,0,,ea,$5.50,,$176.00,10/18/2019
9,J02498,,The Hype Cotton Candy (Pink&blue) 60ml 0MG,,16,,0,,ea,$5.50,,$88.00,10/18/2019
10,J02500,,The Hype Cotton Candy (Pink&Blue) 60ml 6MG,,16,,0,,ea,$5.50,,$88.00,10/18/2019
11,J04458,,The Hype Cotton Candy (pink&blue) 100ml 0MG,,16,,0,,ea,$6.00,,$96.00,10/18/2019
12,J04459,,The Hype Cotton Candy (Pink&blue) 100ml 3MG,,64,,0,,ea,$6.00,,$384.00,10/18/2019
13,J04460,,The Hype Cotton Candy (pink&blue) 100ml 6MG,,32,,0,,ea,$6.00,,$192.00,10/18/2019
14,J04462,,The Hype Strawberry Shortcake (A la mode) 100ml 3MG,,32,,0,,ea,$6.00,,$192.00,10/18/2019
15,J04463,,The Hype Strawberry Shortcake (A la mode) 100ml 6MG,,16,,0,,ea,$6.00,,$96.00,10/18/2019
16,J04465,,The Hype Blue Slushee (Frost) 100ml 3MG,,96,,0,,ea,$6.00,,$576.00,10/18/2019
17,J04466,,The Hype Blue Slushee (Frost) 100ml 6MG,,32,,0,,ea,$6.00,,$192.00,10/18/2019
18,J04467,,The Hype Rocket Pop (America) 100ml 0MG,,16,,0,,ea,$6.00,,$96.00,10/18/2019
19,J04468,,The Hype Rocket Pop (America) 100ml 3MG,,64,,0,,ea,$6.00,,$384.00,10/18/2019
20,J04469,,The Hype Rocket Pop (America) 100ml 6MG,,32,,0,,ea,$6.00,,$192.00,10/18/2019
21,J04471,,The Hype Cool Blue Slushee (Frost) 100ml 3MG,,32,,0,,ea,$6.00,,$192.00,10/18/2019
22,J04474,,The Hype Sour Apple Dust 100ml 3MG,,32,,0,,ea,$6.00,,$192.00,10/18/2019
23,J04475,,The Hype Sour Apple Dust 100ml 6MG,,16,,0,,ea,$6.00,,$96.00,10/18/2019
24,J02489,,Vape Pink Cookie Butter 100ml 0MG,,32,,0,,ea,$6.00,,$192.00,10/18/2019
25,J02490,,Vape Pink Cookie Butter 100ml 3MG,,224,,0,,ea,$6.00,,"$1,344.00",10/18/2019
26,J02491,,Vape Pink Cookie Butter 100ml 6MG,,160,,0,,ea,$6.00,,$960.00,10/18/2019
27,J02493,,Vape Pink Swirl 100ml 3MG,,16,,0,,ea,$6.00,,$96.00,10/18/2019
28,J02494,,Vape Pink Swirl 100ml 6MG,,16,,0,,ea,$6.00,,$96.00,10/18/2019
29,J02496,,Vape Pink Chew 100ml 3MG,,64,,0,,ea,$6.00,,$384.00,10/18/2019
30,J02497,,Vape Pink Chew 100ml 6MG,,16,,0,,ea,$6.00,,$96.00,10/18/2019
31,J04176,,Vape Pink Whipp'd 100ml 3MG,,16,,0,,ea,$6.00,,$96.00,10/18/2019
51158,,Ethos Vapors,,Unissued,,,,,,,,,"$1,797.00"
1,J00488,,Ethos Crispy Treats Fruity 60mL - 3mg,,50,,0,,ea,$5.00,,$250.00,10/18/2019
2,J00489,,Ethos Crispy Treats Fruity 60mL - 6mg,,10,,0,,ea,$5.00,,$50.00,10/18/2019
Purchase Order #,,Vendor Name,,Status,,Issue Date,,Date Completed,,,Payment Terms,,Total Cost
#,Part Number,,Part Name,,Ordered,,Received,,UOM,Unit Cost,,Total Cost,Date Scheduled
3,J01254,,Ethos Crispy Treats Strawberry 60ML 3MG,,50,,0,,ea,$5.00,,$250.00,10/18/2019
4,J01300,,Ethos Crispy Treats Strawberry 60ML 6MG,,25,,0,,ea,$5.00,,$125.00,10/18/2019
5,J01255,,Ethos Crispy Treats 60mL - 0mg,,10,,0,,ea,$5.00,,$50.00,10/18/2019
6,J01257,,Ethos Crispy Treats 60mL - 3mg,,150,,0,,ea,$5.00,,$750.00,10/18/2019
7,J01217,,Ethos Crispy Treats 60mL - 6mg,,50,,0,,ea,$5.00,,$250.00,10/18/2019
8,H03011,,Shipping,,1,,0,,ea,$72.00,,$72.00,10/18/2019
65661,,D&A Distribution,,Unissued,,,,,,,,,"$15,843.92"
1,J01354,,Loaded Glazed Donuts 120ML Ejuice - 3Mg,,500,,0,,ea,$7.00,,"$3,500.00",01/02/2019
2,J01303,,Loaded Glazed Donuts 120ML Ejuice - 6Mg,,200,,0,,ea,$7.00,,"$1,400.00",01/02/2019
3,J01376,,Loaded Smores 120ML Ejuice - 3Mg,,100,,0,,ea,$7.00,,$700.00,01/02/2019
4,J00565,,Loaded Cookie Butter 120ml - 3mg,,950,,0,,ea,$7.00,,"$6,650.00",01/02/2019
5,J00566,,Loaded Cookie Butter 120ml - 6mg,,300,,0,,ea,$7.00,,"$2,100.00",01/02/2019
6,J00561,,"Loaded Strawberry Jelly Donut 120ml, 0mg",,25,,0,,ea,$7.00,,$175.00,01/02/2019
7,J00562,,Loaded Strawberry Jelly Donut 120ml - 3mg,,50,,0,,ea,$7.00,,$350.00,01/02/2019
8,J00563,,Loaded Strawberry Jelly Donut 120ml - 6mg,,100,,0,,ea,$7.00,,$700.00,01/02/2019
9,H03011,,Shipping,,1,,0,,ea,$268.92,,$268.92,01/02/2019
CACUQ200040713,,Kakuqi,,Unissued,,,,,,,,,"$10,800.00"
1,H05496,,SMOK NORD 1.4ohm Regular Coil (Pack of 5),,"1,500",,0,,ea,$7.20,,"$10,800.00",10/18/2019
CACUQ200040942,,Kakuqi,,Unissued,,,,,,,,,"$51,730.80"
1,H05926,,Orion Q Replacement Pod 1.0Ohm (Pack of 2),,"1,500",,0,,ea,$4.69,,"$7,035.00",10/23/2019
2,H05497,,SMOK NORD 0.6ohm Mesh Coil (Pack of 5),,"4,000",,0,,ea,$7.50,,"$30,000.00",10/23/2019
3,H05496,,SMOK NORD 1.4ohm Regular Coil (Pack of 5),,"2,000",,0,,ea,$7.20,,"$14,400.00",10/23/2019
4,H03011,,Shipping,,1,,0,,ea,$295.80,,$295.80,10/23/2019
D535,,Blankz,,Unissued,,,,,,,,,"$1,531.20"
1,H06805,,Blankz JUUL Compatible Refillable Pods (Pack of 4),,264,,0,,ea,$5.80,,"$1,531.20",10/17/2019
IN120869,,All Day Vapes,,Unissued,,,,,,,,,"$3,823.91"
1,H03649,,Justfog Mini Fit Black,,93,,0,,ea,$8.27,,$769.11,10/17/2019
2,H04263,,SMOK Novo Kit Prism Chrome and Prism Blue Cobra,,63,,0,,ea,$7.50,,$472.50,10/17/2019
3,H00490,,Efest K2 Slim Charger,,94,,0,,ea,$2.94,,$276.36,10/17/2019
4,H07512,,Squid Vape Double Barrel V3 Mod Arctic Camo,,7,,0,,ea,$39.38,,$275.66,10/17/2019
Purchase Order #,,Vendor Name,,Status,,Issue Date,,Date Completed,,,Payment Terms,,Total Cost
#,Part Number,,Part Name,,Ordered,,Received,,UOM,Unit Cost,,Total Cost,Date Scheduled
5,H07507,,Squid Vape Double Barrel V3 Mod Inferno,,20,,0,,ea,$39.38,,$787.60,10/17/2019
6,H07506,,Squid Vape Double Barrel V3 Mod Flower of Life,,30,,0,,ea,$39.38,,"$1,181.40",10/17/2019
7,H03011,,Shipping,,1,,0,,ea,$61.28,,$61.28,10/17/2019
Q2O05793,,Aspire Vape Co.,,Unissued,,,,,,,,,"$5,675.00"
1,H08000,,Aspire Odan Tank Stainless Steel,,30,,0,,ea,$17.75,,$532.50,10/21/2019
2,H08001,,Aspire Odan Tank Emerald,,20,,0,,ea,$19.75,,$395.00,10/21/2019
3,H08002,,Aspire Odan Tank Dark Blue,,30,,0,,ea,$18.75,,$562.50,10/21/2019
4,H08003,,Aspire Odan Tank Rainbow,,30,,0,,ea,$18.75,,$562.50,10/21/2019
5,H08004,,Aspire Odan Tank Smoky Quartz,,30,,0,,ea,$18.75,,$562.50,10/21/2019
6,H08005,,Aspire Odan Tank Black,,40,,0,,ea,$18.75,,$750.00,10/21/2019
7,H08006,,Aspire Odan Mesh Coils 0.2ohm (Pack of 3),,400,,0,,ea,$4.00,,"$1,600.00",10/21/2019
8,H08007,,Aspire Odan Replacement Glass 5mL Diamond Cut,,200,,0,,ea,$2.10,,$420.00,10/21/2019
9,H08008,,Aspire Odan Replacement Glass 7mL,,200,,0,,ea,$1.45,,$290.00,10/21/2019
Q2O05801,,Aspire Vape Co.,,Unissued,,,,,,,,,"$8,903.00"
1,H02220,,Aspire BVC K1 Coils 1.6ohm (Pack of 5),,100,,0,,ea,$4.50,,$450.00,10/22/2019
2,H02483,,Aspire BVC K1 Coils 1.8ohm (Pack of 5),,100,,0,,ea,$4.50,,$450.00,10/22/2019
3,H04118,,Aspire BVC K1 Coils 1.2ohm (5 Pack),,100,,0,,ea,$4.50,,$450.00,10/22/2019
4,H01345,,Aspire Radial Coil for Revvo Mini (ARC Technology 0.23/0.28ohm) (Pack of 3),,100,,0,,ea,$3.70,,$370.00,10/22/2019
5,H02649,,Nautilus X Coils 1.5 (Pack of 5),,50,,0,,ea,$7.70,,$385.00,10/22/2019
6,H02355,,Nautilus X Coils 1.8 (Pack of 5),,30,,0,,ea,$7.70,,$231.00,10/22/2019
7,H06706,,Aspire Nautilus 2S Mesh Coil 0.7ohm (Pack of 5),,50,,0,,ea,$5.85,,$292.50,10/22/2019
8,H06002,,Aspire Tigon Replacement Coils 1.2ohm (Pack of 5),,30,,0,,ea,$5.40,,$162.00,10/22/2019
9,H04006,,Aspire Cleito Pro Coil 0.5ohm 5 Pack,,50,,0,,ea,$9.25,,$462.50,10/22/2019
10,H04117,,Aspire Cleito Pro Mesh Coils 5 Pack,,50,,0,,ea,$10.20,,$510.00,10/22/2019
11,H02190,,Aspire Nautilus AIO BVC Replacement Coils 1.6 (Pack of 5),,200,,0,,ea,$5.85,,"$1,170.00",10/22/2019
12,H02607,,Aspire Nautilus BVC 1.8 (Pack of 5),,50,,0,,ea,$5.85,,$292.50,10/22/2019
13,H01325,,Aspire Nautilus AIO BVC Replacement Coils 0.7ohm (Pack of 5),,50,,0,,ea,$5.65,,$282.50,10/22/2019
14,H05315,,Aspire PockeX Replacement Coils 0.6ohm (Pack of 5),,100,,0,,ea,$7.70,,$770.00,10/22/2019
15,H04631,,Aspire PockeX Coil 1.2ohm (Pack of 5),,120,,0,,ea,$8.00,,$960.00,10/22/2019
Purchase Order #,,Vendor Name,,Status,,Issue Date,,Date Completed,,,Payment Terms,,Total Cost
#,Part Number,,Part Name,,Ordered,,Received,,UOM,Unit Cost,,Total Cost,Date Scheduled
16,H03278,,Aspire Breeze Coil 1.2ohm(Pack of 5),,100,,0,,ea,$5.05,,$505.00,10/22/2019
17,H03546,,Aspire Breeze 2 Coil 1.0ohm (Pack of 5),,200,,0,,ea,$5.80,,"$1,160.00",10/22/2019
SO-6078346,,Glas Vapor,,Unissued,,,,,,,Credit Card,,"$11,691.00"
1,J00386,,GLAS Milk 75Ml- 3mg,,48,,0,,ea,$8.00,,$384.00,10/23/2019
2,J00396,,GLAS Pound Cake 75Ml- 6mg,,18,,0,,ea,$8.00,,$144.00,10/23/2019
3,J00392,,GLAS Pebbles 75Ml- 3mg,,30,,0,,ea,$8.00,,$240.00,10/23/2019
4,J00367,,GLAS Basix Blueberry Cake 60Ml- 0mg,,15,,0,,ea,$5.00,,$75.00,10/23/2019
5,J00368,,GLAS Basix Blueberry Cake 60Ml- 3mg,,132,,0,,ea,$5.00,,$660.00,10/23/2019
6,J00369,,GLAS Basix Blueberry Cake 60Ml- 6mg,,66,,0,,ea,$5.00,,$330.00,10/23/2019
7,J00370,,GLAS Basix Butterscotch Reserve 60Ml- 0mg,,15,,0,,ea,$5.00,,$75.00,10/23/2019
8,J00371,,GLAS Basix Butterscotch Reserve 60Ml- 3mg,,330,,0,,ea,$5.00,,"$1,650.00",10/23/2019
9,J00372,,GLAS Basix Butterscotch Reserve 60Ml- 6mg,,66,,0,,ea,$5.00,,$330.00,10/23/2019
10,J00373,,GLAS Basix Fizzy Lemonade 60Ml- 0mg,,15,,0,,ea,$5.00,,$75.00,10/23/2019
11,J00374,,GLAS Basix Fizzy Lemonade 60Ml- 3mg,,132,,0,,ea,$5.00,,$660.00,10/23/2019
12,J00377,,GLAS Basix Strawberry Blast 60Ml- 3mg,,66,,0,,ea,$5.00,,$330.00,10/23/2019
13,J01884,,GLAS Basix Sugar Cookie 60ML - 0MG,,15,,0,,ea,$5.00,,$75.00,10/23/2019
14,J01885,,GLAS Basix Sugar Cookie 60ML - 3MG,,132,,0,,ea,$5.00,,$660.00,10/23/2019
15,J01886,,GLAS Basix Sugar Cookie 60ML - 6MG,,66,,0,,ea,$5.00,,$330.00,10/23/2019
16,J01881,,GLAS Basix Caribbean Punch 60ML - 0MG,,15,,0,,ea,$5.00,,$75.00,10/23/2019
17,J01882,,GLAS Basix Caribbean Punch 60ML - 3MG,,396,,0,,ea,$5.00,,"$1,980.00",10/23/2019
18,J01883,,GLAS Basix Caribbean Punch 60ML - 6MG,,132,,0,,ea,$5.00,,$660.00,10/23/2019
19,J02948,,GLAS Basix Banana Cream Pie 60ml 0MG,,15,,0,,ea,$5.00,,$75.00,10/23/2019
20,J02949,,GLAS Basix Banana Cream Pie 60ml 3MG,,132,,0,,ea,$5.00,,$660.00,10/23/2019
21,J04820,,Glas Basix Mango Tango 60ml 3MG,,66,,0,,ea,$5.00,,$330.00,10/23/2019
22,J05299,,Glas Basix Cool Melon 60ml 3MG,,33,,0,,ea,$5.00,,$165.00,10/23/2019
23,J04661,,Glas Basix Crunch Berry Nic Salt 30ml 30MG,,6,,0,,ea,$6.00,,$36.00,10/23/2019
24,J04663,,Glas Basix Banana Cream Pie Nic Salt 30ml 30MG,,42,,0,,ea,$6.00,,$252.00,10/23/2019
25,J04664,,Glas Basix Banana Cream Pie Nic Salt 30ml 50MG,,30,,0,,ea,$6.00,,$180.00,10/23/2019
26,J04667,,Glas Basix Blue Magic Nic Salt 30ml 30MG,,18,,0,,ea,$6.00,,$108.00,10/23/2019
27,J04668,,Glas Basix Blue Magic Nic Salt 30ml 50MG,,12,,0,,ea,$6.00,,$72.00,10/23/2019
28,J04669,,Glas Basix Fizzy Lemonade Nic Salt 30ml 30MG,,42,,0,,ea,$6.00,,$252.00,10/23/2019
29,J04670,,Glas Basix Fizzy Lemonade Nic Salt 30ml 50MG,,36,,0,,ea,$6.00,,$216.00,10/23/2019
Purchase Order #,,Vendor Name,,Status,,Issue Date,,Date Completed,,,Payment Terms,,Total Cost
#,Part Number,,Part Name,,Ordered,,Received,,UOM,Unit Cost,,Total Cost,Date Scheduled
30,J04671,,Glas Basix Grape Drink Nic Salt 30ml 30MG,,12,,0,,ea,$6.00,,$72.00,10/23/2019
31,J04672,,Glas Basix Grape Drink Nic Salt 30ml 50MG,,12,,0,,ea,$6.00,,$72.00,10/23/2019
32,J04673,,Glas Basix Mango Tango Nic Salt 30ml 30MG,,30,,0,,ea,$6.00,,$180.00,10/23/2019
33,J04674,,Glas Basix Mango Tango Nic Salt 30ml 50MG,,18,,0,,ea,$6.00,,$108.00,10/23/2019
34,J04675,,Glas Basix Cool Melon Nic Salt 30ml 30MG,,12,,0,,ea,$6.00,,$72.00,10/23/2019
35,J04676,,Glas Basix Cool Melon Nic Salt 30ml 50MG,,18,,0,,ea,$6.00,,$108.00,10/23/2019
SO223864,,All Day Vapes,,Unissued,,,,,,,,,"$4,701.64"
1,H07671,,GeekVape Mesh Z2 0.2ohm Coil (Pack of 5),,215,,0,,ea,$6.30,,"$1,354.50",10/23/2019
2,H06895,,Uwell Valyrian UN2 Mesh Coil 0.18ohm,,500,,0,,ea,$4.38,,"$2,190.00",10/23/2019
3,H01302,,Infinix Kit - Red,,84,,0,,ea,$4.75,,$399.00,10/23/2019
4,H01300,,Infinix Kit - Gunmetal,,66,,0,,ea,$7.12,,$469.92,10/23/2019
5,H01301,,Infinix Kit - Blue,,30,,0,,ea,$7.12,,$213.60,10/23/2019
6,H03011,,Shipping,,1,,0,,ea,$74.62,,$74.62,10/23/2019
SO88126,,UVaper LLC,,Unissued,,,,,,,,,"$4,730.00"
1,H06119,,SMOK Nord AIO 19 Kit 7-Color,,30,,0,,ea,$11.00,,$330.00,10/21/2019
2,H06368,,SMOK Nord Pod Device Blue Brown Resin,,150,,0,,ea,$11.00,,"$1,650.00",10/21/2019
3,H07579,,SMOK NORD Pod Device Kit Blue Shell,,100,,0,,ea,$11.00,,"$1,100.00",10/21/2019
4,H07712,,SMOK Nord Pod Device Kit 7-Color Shell,,50,,0,,ea,$11.00,,$550.00,10/21/2019
5,H07713,,SMOK Nord Pod Device Kit 7-Color Oil Painting,,50,,0,,ea,$11.00,,$550.00,10/21/2019
6,H07855,,SMOK Nord Pod Device Kit 7-Color Spray,,50,,0,,ea,$11.00,,$550.00,10/21/2019
SO88131,,UVaper LLC,,Unissued,,,,,,,,,"$2,955.50"
1,J01337,,Reds Apple EJuice 60mL 3MG,,100,,0,,ea,$6.00,,$600.00,10/22/2019
2,J00005,,Reds Apple Grape 60mL - 3mg,,25,,0,,ea,$6.00,,$150.00,10/22/2019
3,J02651,,Reds Berries Apple E-Juice ICED 60ml 3MG,,88,,0,,ea,$6.00,,$528.00,10/22/2019
4,J03436,,Reds Salts Apple 30ml 30MG,,50,,0,,ea,$5.50,,$275.00,10/22/2019
5,J03444,,Reds Salts Berries 30ml 30MG,,25,,0,,ea,$5.50,,$137.50,10/22/2019
6,J03445,,Reds Salts Berries 30ml 50MG,,10,,0,,ea,$5.50,,$55.00,10/22/2019
7,J03433,,Reds Salts Grape 30ml 50MG,,10,,0,,ea,$5.50,,$55.00,10/22/2019
8,J03434,,Reds Salts Grape ICED 30ml 30MG,,25,,0,,ea,$5.50,,$137.50,10/22/2019
9,J03435,,Reds Salts Grape ICED 30ml 50MG,,10,,0,,ea,$5.50,,$55.00,10/22/2019
10,J03438,,Reds Salts Apple ICED 30ml 30MG,,50,,0,,ea,$5.50,,$275.00,10/22/2019
11,J04026,,Reds Salts Mango 30ml 50MG,,25,,0,,ea,$5.50,,$137.50,10/22/2019
Purchase Order #,,Vendor Name,,Status,,Issue Date,,Date Completed,,,,Payment Terms,,Total Cost
#,Part Number,,Part Name,,Ordered,,Received,,UOM,,Unit Cost,,Total Cost,Date Scheduled
12,J04027,,Reds Salts Mango ICED 30ml 30MG,,25,,0,,ea,,$5.50,,$137.50,10/22/2019
13,J03440,,Reds Salts Watermelon 30ml 30MG,,25,,0,,ea,,$5.50,,$137.50,10/22/2019
14,J03442,,Reds Salts Watermelon ICED 30ml 30MG,,25,,0,,ea,,$5.50,,$137.50,10/22/2019
15,J05091,,Reds Salts Guava 30ml 50MG,,25,,0,,ea,,$5.50,,$137.50,10/22/2019
SO88157,,UVaper LLC,,Unissued,,,,,,,,,,"$1,713.00"
1,H04719,,Suorin Vagon Pod (Pack of 2),,121,,0,,ea,,$3.00,,$363.00,10/22/2019
2,H06142,,Suorin Edge Mod Black,,20,,0,,ea,,$9.00,,$180.00,10/22/2019
3,H06143,,Suorin Edge Mod Silver,,20,,0,,ea,,$9.00,,$180.00,10/22/2019
4,H06314,,Suorin Edge Mod Coral Blue,,50,,0,,ea,,$9.00,,$450.00,10/22/2019
5,H06432,,Suorin Edge Mod Gold,,30,,0,,ea,,$9.00,,$270.00,10/22/2019
6,H06433,,Suorin Edge Mod Living Coral (Crimson Gold),,30,,0,,ea,,$9.00,,$270.00,10/22/2019
Grand Total Cost: ,,,,,,,,,,"$1,283,981.69",,,,
